name;totalSupply;owners;estimatedMarketCap;volume_7d;avg_price_7d;sales_7d;sales_all_time;volume_all_time;owners_percentage
CryptoPunks;9,999;3,329;677,297.53;3,860.98;67.74;57;18,564;783,815.61;33.29%
Bored Ape YC;10,000;6,145;945,868.91;12,201.71;94.59;129;24,017;328,387.54;61.45%
Mutant Ape Yacht Club;17,789;11,438;326,761.39;9,698.69;18.37;528;23,697;196,088.06;64.30%
Meebits;19,999;5,664;109,106.53;1,091.12;5.46;200;15,197;81,509.42;28.32%
Loot (for Adventurers);7,779;2,558;21,485.48;295.53;2.76;107;11,056;72,879.11;32.88%
Cool Cats NFT;9,933;5,097;127,578.68;2,889.88;12.84;225;24,701;72,606.91;51.31%
CrypToadz by GREMPLIN;7,024;3,785;22,453.24;437.94;3.20;137;17,187;56,097.66;53.89%
Bored Ape Kennel Club;9,602;5,327;61,557.50;1,006.51;6.41;157;16,406;51,970.42;55.48%
Pudgy Penguins;8,887;4,472;13,262.01;207.43;1.49;139;31,938;46,745.39;50.32%
0N1 Force;7,776;4,252;11,588.57;543.96;1.49;365;17,777;46,213.35;54.68%
MekaVerse;8,886;5,097;8,945.39;192.28;1.01;191;11,152;45,970.82;57.36%
CyberKongz;5,000;2,404;52,494.62;1,721.82;10.50;164;5,160;45,652.78;48.08%
World of Women;10,000;5,016;79,375.55;10,564.89;7.94;1,331;21,285;43,237.21;50.16%
Hashmasks;16,370;5,100;19,305.96;238.23;1.18;202;19,630;41,121.36;31.15%
VeeFriends;10,255;5,168;155,777.03;835.47;15.19;55;3,484;37,902.32;50.39%
The Doge Pound;10,000;5,572;20,478.16;339.94;2.05;166;17,384;26,442.18;55.72%
FLUF World;9,999;3,544;69,226.30;3,967.06;6.92;573;17,785;26,394.20;35.44%
CyberKongz VX;14,756;4,466;39,548.41;2,739.12;2.68;1,022;17,480;23,953.56;30.27%
Vox Collectibles;8,888;3,449;59,304.59;1,107.62;6.67;166;17,249;22,770.27;38.81%
Lazy Lions;10,080;5,014;18,408.07;469.33;1.83;257;23,652;22,249.26;49.74%
SupDucks;10,001;3,493;22,540.37;851.94;2.25;378;17,230;20,585.32;34.93%
Sneaky Vampire Syndicate;8,888;1,673;7,315.24;166.26;0.82;202;13,768;19,935.88;18.82%
Axie Origins;3,802;606;65,505.45;1,860.75;17.23;108;3,904;18,555.37;15.94%
Kaiju Kingz;4,418;2,507;10,070.28;408.01;2.28;179;5,468;18,019.41;56.75%
Gutter Cat Gang;3,000;1,755;19,975.73;219.73;6.66;33;9,301;17,880.29;58.50%
JUNGLE FREAKS BY TROSLEY;9,999;5,119;6,121.07;350.77;0.61;573;19,752;17,867.03;51.20%
GalacticApes;9,998;3,507;3,142.68;165.02;0.31;525;18,523;17,469.22;35.08%
MoonCats;18,772;5,527;24,060.33;1,497.04;1.28;1,168;14,152;16,117.27;29.44%
DeadFellaz;9,997;5,914;26,961.84;2,009.26;2.70;745;21,876;15,921.71;59.16%
MutantCats;9,999;945;2,956.76;44.95;0.30;152;21,635;15,787.33;9.45%
VOX Collectibles: Mirandus;8,272;4,105;33,845.60;900.15;4.09;220;4,204;15,638.64;49.63%
CryptoSkulls;9,997;4,276;21,387.56;9,586.64;2.14;4,481;19,037;15,581.61;42.77%
Rumble Kong League;9,997;3,096;30,554.26;256.73;3.06;84;11,957;15,423.62;30.97%
Galaxy-Eggs;9,999;5,070;2,723.98;67.02;0.27;246;17,469;14,487.47;50.71%
alien frens;9,998;6,132;29,882.51;1,805.26;2.99;604;23,026;13,790.07;61.33%
Robotos Official;9,999;5,536;15,156.45;1,759.84;1.52;1,161;22,505;13,210.59;55.37%
Koala Intelligence Agency;10,000;5,071;2,078.17;28.26;0.21;136;18,548;12,854.68;50.71%
Adam Bomb Squad;24,999;8,343;11,562.01;237.26;0.46;513;28,500;12,815.32;33.37%
The Sevens (Official);7,000;3,261;1,561.27;41.49;0.22;186;10,434;11,860.93;46.59%
The Humanoids;9,999;5,066;4,552.21;120.65;0.46;265;20,378;11,763.60;50.67%
PEACEFUL GROUPIES;9,999;3,796;6,692.32;387.52;0.67;579;20,010;11,559.03;37.96%
Capsule House;10,000;3,021;21,653.49;1,164.96;2.17;538;18,000;11,383.84;30.21%
MetaHero Universe: Generative Identities;6,295;352;39,084.02;341.48;6.21;55;1,927;10,902.11;5.59%
Psychedelics Anonymous Genesis;9,595;6,753;14,675.42;698.98;1.53;457;11,310;10,896.14;70.38%
THE SHIBOSHIS;9,999;3,546;11,563.94;119.12;1.16;103;7,476;10,762.11;35.46%
The CryptoDads;9,999;7,680;3,683.20;61.15;0.37;166;14,850;10,722.30;76.81%
Animetas;10,100;4,188;6,667.00;1,004.67;0.66;1,522;18,493;10,607.11;41.47%
Desperate ApeWives;9,999;4,605;7,182.70;158.04;0.72;220;12,271;10,390.16;46.05%
CryptoMories;10,000;4,872;15,500.39;688.22;1.55;444;22,607;10,270.55;48.72%
Ape Kids Club (AKC);9,999;5,288;4,695.10;210.36;0.47;448;17,546;10,260.60;52.89%
Forgotten Runes Wizards;9,416;2,637;31,567.73;345.31;3.35;103;13,709;9,709.19;28.01%
My Pet Hooligan;8,888;5,268;12,396.29;691.78;1.39;496;12,495;9,174.27;59.27%
Gambling Apes;7,777;3,911;6,938.34;122.23;0.89;137;14,615;8,955.87;50.29%
The Wicked Craniums;10,761;4,080;2,004.10;16.20;0.19;87;21,356;8,888.49;37.91%
Winter Bears;10,000;4,804;1,773.33;46.64;0.18;263;21,815;8,823.77;48.04%
GEVOLs.;8,888;3,591;1,972.26;25.07;0.22;113;10,641;8,607.54;40.40%
FVCK_CRYSTAL//;4,169;1,940;7,381.04;115.08;1.77;65;3,650;8,503.05;46.53%
The Vogu Collective;7,777;2,830;1,840.18;32.18;0.24;136;11,623;8,189.79;36.39%
Metasaurs by Dr. DMT;9,999;5,319;1,419.44;15.19;0.14;107;14,295;7,800.46;53.20%
Wicked Ape Bone Club;10,000;4,809;1,369.30;14.93;0.14;109;22,049;7,596.43;48.09%
BASTARD GAN PUNKS V2;11,304;2,839;3,455.53;24.46;0.31;80;11,252;7,478.34;25.12%
Stoner Cats;10,419;5,124;3,758.47;99.56;0.36;276;9,340;7,339.74;49.18%
Cupcats Official;5,009;1,833;3,184.97;121.45;0.64;191;9,068;7,173.68;36.59%
Project NANOPASS;5,555;3,937;5,326.98;244.53;0.96;255;5,651;7,136.86;70.87%
Party Ape | Billionaire Club;7,389;4,631;1,955.02;26.19;0.26;99;12,757;7,128.21;62.67%
Galaxy Fight Club;10,126;2,618;15,560.20;339.60;1.54;221;15,311;6,639.83;25.85%
Boss Beauties;10,000;5,075;11,030.98;2,406.96;1.10;2,182;15,456;6,382.95;50.75%
Voxies;10,000;1,766;11,237.20;44.95;1.12;40;6,903;6,326.33;17.66%
Habbo Avatars;11,600;4,355;2,079.40;26.35;0.18;147;10,910;6,255.37;37.54%
Boonji Project;11,106;5,215;3,611.70;92.68;0.33;285;12,455;6,037.09;46.96%
Al Cabones;10,000;3,712;138.51;1.32;0.01;95;15,438;6,033.42;37.12%
DystoPunks;2,077;679;3,461.67;5.00;1.67;3;3,103;6,003.16;32.69%
SpacePunksClub;9,994;4,505;1,915.94;16.68;0.19;87;13,127;5,866.98;45.08%
Sipherian Surge;9,999;3,768;3,616.57;36.53;0.36;101;13,490;5,861.18;37.68%
Nifty League DEGENs;9,900;3,333;11,375.58;479.15;1.15;417;12,106;5,768.60;33.67%
ALPACADABRAZ;9,668;3,885;11,592.09;693.03;1.20;578;11,936;5,559.83;40.18%
Swampverse;9,599;4,871;4,531.61;232.27;0.47;492;15,712;5,535.56;50.74%
OnChainMonkey;9,500;2,978;13,697.75;1,300.57;1.44;902;15,391;5,417.37;31.35%
Incognito;9,999;3,292;867.27;8.33;0.09;96;16,518;5,374.84;32.92%
Lonely Alien;10,001;3,932;1,035.46;12.53;0.10;121;15,761;5,308.57;39.32%
DeadHeads;10,000;3,063;2,645.80;25.93;0.26;98;15,183;5,116.74;30.63%
Yakuza Cats Society;8,929;3,012;1,245.18;15.20;0.14;109;14,779;5,081.88;33.73%
Gutter Rats;2,990;1,834;3,673.96;54.07;1.23;44;4,833;5,048.61;61.34%
Fang Gang;8,888;4,200;2,653.34;91.65;0.30;307;17,556;5,019.84;47.25%
FoxFam;10,000;3,186;5,357.62;251.81;0.54;470;15,343;4,961.47;31.86%
Little Lemon Friends;9,997;4,781;5,258.79;374.01;0.53;711;15,779;4,919.79;47.82%
Sappy Seals;9,999;1,933;6,339.01;150.25;0.63;237;18,519;4,886.42;19.33%
BullsOnTheBlock;10,000;1,647;1,384.37;5.12;0.14;37;15,355;4,832.74;16.47%
CryptoDickbutts S3;5,200;1,559;4,632.70;93.54;0.89;105;6,852;4,725.75;29.98%
Party Degenerates;9,993;3,838;3,454.65;35.95;0.35;104;7,460;4,640.64;38.41%
Superlative Secret Society (Official);11,110;5,965;3,147.40;69.97;0.28;247;18,707;4,607.81;53.69%
CryptoonGoonz;6,966;3,911;6,147.40;504.78;0.88;572;10,204;4,553.57;56.14%
BYOPills;9,998;3,367;15,289.06;211.03;1.53;138;14,024;4,511.68;33.68%
Dapper Dinos NFT;9,972;4,392;2,574.53;60.15;0.26;233;11,543;4,251.42;44.04%
Avastars;25,426;4,957;7,394.78;226.56;0.29;779;10,362;4,177.02;19.50%
The Official Surreals;9,999;5,082;1,122.88;21.56;0.11;192;12,333;4,117.99;50.83%
The Wanderers;8,888;4,283;2,718.85;48.64;0.31;159;13,076;4,070.79;48.19%
Fast Food Punks;1,000;345;358.33;2.15;0.36;6;2,789;3,950.21;34.50%
Crypto.Chicks;10,000;3,807;3,875.82;670.13;0.39;1,729;14,233;3,835.66;38.07%
Royal Society of Players;9,999;1,605;3,692.99;30.65;0.37;83;10,571;3,706.24;16.05%
IlluminatiNFT;8,128;3,922;3,954.03;346.37;0.49;712;6,882;3,673.32;48.25%
The KILLAZ;9,971;4,140;365.23;0.99;0.04;27;15,083;3,649.71;41.52%
Bored Mummy Waking Up;8,888;3,696;1,183.87;8.52;0.13;64;16,167;3,644.82;41.58%
Crypto Cannabis Club;10,000;4,227;2,942.95;61.21;0.29;208;11,394;3,547.82;42.27%
24px;9,900;4,251;1,241.56;7.65;0.13;61;27,351;3,547.07;42.94%
Ready Player Cat NFT;4,950;2,078;998.93;32.29;0.20;160;6,289;3,512.50;41.98%
Women and Weapons;10,000;5,533;6,168.58;885.19;0.62;1,435;15,093;3,499.58;55.33%
Cosmic Labs;9,000;2,970;1,486.56;42.95;0.17;260;14,430;3,497.04;33.00%
Gutter Dogs;2,914;1,951;5,725.60;137.54;1.96;70;2,212;3,490.22;66.95%
Omnimorphs;9,271;4,007;701.81;14.69;0.08;194;12,354;3,406.30;43.22%
Claylings;4,040;2,182;1,622.26;78.70;0.40;196;9,046;3,273.66;54.01%
Fatales;10,000;3,937;964.71;203.17;0.10;2,106;12,003;3,180.56;39.37%
Ether Cards Founder;10,000;1,554;5,619.70;11.24;0.56;20;2,660;3,150.09;15.54%
Party Penguins;9,998;3,800;410.11;2.99;0.04;73;14,664;3,122.69;38.01%
Doge Pound Puppies;8,131;4,702;2,582.93;27.00;0.32;85;5,673;3,087.03;57.83%
Gauntlets;10,000;3,841;1,858.95;15.06;0.19;81;7,067;3,084.35;38.41%
Axolittles;9,999;3,842;1,368.15;33.25;0.14;243;15,336;2,995.55;38.42%
NFT Siblings;10,100;2,777;1,192.66;15.59;0.12;132;10,561;2,963.05;27.50%
Goons of Balatroon;9,696;3,361;1,732.10;13.04;0.18;73;9,024;2,932.59;34.66%
FameLadySquad;8,887;3,729;2,064.28;181.18;0.23;780;16,317;2,892.14;41.96%
CROAKZ by McGill!;6,996;3,665;922.58;32.57;0.13;247;11,183;2,862.01;52.39%
CryptoHoots Steampunk Parliament;2,499;947;1,089.33;18.31;0.44;42;4,399;2,857.22;37.90%
Waifusion;16,383;1,942;1,334.12;8.06;0.08;99;7,902;2,854.13;11.85%
Rogue Society Bots;15,777;7,025;299.34;1.46;0.02;77;15,495;2,832.87;44.53%
Chubbies;9,997;3,304;1,373.21;237.09;0.14;1,726;7,796;2,763.63;33.05%
MarsCatsVoyage;10,000;3,561;1,441.56;25.37;0.14;176;10,008;2,740.26;35.61%
The Project URS;9,983;3,663;681.43;7.92;0.07;116;10,809;2,732.31;36.69%
Space Poggers;12,441;3,431;553.67;2.98;0.04;67;13,836;2,692.69;27.58%
KingFrogs;16,273;5,615;2,282.28;78.40;0.14;559;11,873;2,626.04;34.51%
Purrnelopes Country Club;10,000;3,029;3,232.35;15.84;0.32;49;8,694;2,603.09;30.29%
uwucrew;9,670;3,460;3,282.06;426.30;0.34;1,256;12,264;2,576.11;35.78%
Society of Derivative Apes;9,998;5,459;1,041.67;26.46;0.10;254;16,531;2,574.84;54.60%
GOATz;7,518;2,834;2,359.99;61.84;0.31;197;15,892;2,555.22;37.70%
Crazy Lizard Army;6,271;1,927;316.42;3.53;0.05;70;10,991;2,526.49;30.73%
Obits Official;7,132;2,981;851.16;7.04;0.12;59;11,353;2,513.35;41.80%
0xVampire Project;9,860;4,333;151.88;0.46;0.02;30;13,778;2,502.01;43.95%
Monaco Planet Yacht;9,999;5,094;1,186.89;20.77;0.12;175;12,327;2,445.23;50.95%
Chill Frogs NFT;6,000;2,423;704.64;12.68;0.12;108;9,972;2,435.57;40.38%
Crypto Hobos;7,981;3,008;579.06;6.24;0.07;86;11,203;2,363.43;37.69%
Visitors of Imma Degen;9,999;2,821;1,936.66;18.79;0.19;97;11,531;2,349.51;28.21%
Sidus NFT Heroes;5,280;1,215;3,803.18;82.11;0.72;114;4,160;2,347.84;23.01%
Laid Back Llamas Collection;6,998;3,820;2,492.24;1,215.85;0.36;3,414;7,059;2,338.26;54.59%
Sad Frogs District;6,993;2,175;144.23;0.17;0.02;8;9,190;2,321.24;31.10%
BearXLabs;5,015;1,609;1,541.86;54.42;0.31;177;5,277;2,313.26;32.08%
Toy Boogers;3,334;1,810;3,133.92;498.19;0.94;530;5,681;2,303.10;54.29%
PX Quest;5,000;3,523;2,398.33;1,004.90;0.48;2,095;4,177;2,276.49;70.46%
Playboy Rabbitars Official;11,953;5,145;2,783.26;73.58;0.23;316;7,303;2,267.82;43.04%
DuskBreakers;9,999;3,086;2,355.87;54.43;0.24;231;9,708;2,266.77;30.86%
The Alien Boy;9,996;3,701;1,939.52;27.94;0.19;144;15,170;2,263.92;37.02%
Paladin Pandas;9,849;2,884;2,047.05;63.60;0.21;306;10,578;2,225.32;29.28%
Gutter Pigeons;2,891;1,858;4,057.92;89.83;1.40;64;2,079;2,196.14;64.27%
Pepsi Mic Drop;1,848;1,335;1,160.37;120.56;0.63;192;1,973;2,156.53;72.24%
SympathyForTheDevils;5,762;2,040;323.73;1.01;0.06;18;8,122;2,144.71;35.40%
JunkYard Dogs;7,976;3,365;556.65;3.28;0.07;47;9,724;2,131.19;42.19%
Chiptos;512;282;756.74;7.39;1.48;5;988;2,119.56;55.08%
Crypto Pills by Micha Klein;9,999;2,218;987.48;5.33;0.10;54;7,355;2,095.47;22.18%
ChubbyKaijuDAO;9,999;4,378;1,783.71;329.13;0.18;1,845;9,870;2,028.36;43.78%
Uninterested Unicorns;6,899;1,348;3,010.23;138.32;0.44;317;3,277;2,023.86;19.54%
Angry Ape Army;3,333;1,161;8,632.90;139.87;2.59;54;2,852;2,023.53;34.83%
Samurai Saga;9,999;2,611;2,427.45;253.69;0.24;1,045;6,722;2,016.14;26.11%
lobsterdao;3,372;1,536;4,559.76;16.23;1.35;12;815;2,008.97;45.55%
FancyBears Metaverse Official;7,888;4,375;3,357.40;397.12;0.43;933;4,802;1,971.62;55.46%
Fly Frogs;9,999;3,958;489.21;6.90;0.05;141;12,382;1,957.46;39.58%
Wavelength by Kaleb Johnston;1,111;684;2,011.64;126.75;1.81;70;1,354;1,944.88;61.57%
FusionApes;4,201;1,705;476.72;2.50;0.11;22;5,253;1,925.59;40.59%
Weird Whales;3,350;1,652;911.06;17.41;0.27;64;7,593;1,819.18;49.31%
Bubblegum Kids;10,000;3,507;2,692.14;65.15;0.27;242;11,204;1,817.35;35.07%
COVIDPunks!;10,000;3,890;282.83;1.13;0.03;40;10,371;1,799.25;38.90%
Guardians of the Metaverse;10,000;4,279;978.02;14.28;0.10;146;10,127;1,799.12;42.79%
Rebel Seals Club | RSC;9,998;2,665;567.16;3.57;0.06;63;9,472;1,788.14;26.66%
$LONDON Gift;8,887;2,759;791.32;1.16;0.09;12;7,167;1,785.65;31.05%
Tools Of Rock;7,568;2,315;143.65;0.30;0.02;16;6,853;1,783.47;30.59%
Knights of Degen - Knights!;8,857;2,620;4,608.03;277.82;0.52;534;6,956;1,778.20;29.58%
Bears Deluxe;5,974;2,480;10,415.49;174.35;1.74;100;902;1,772.74;41.51%
Apostles: Genesis;7,170;2,482;21,146.30;247.74;2.95;84;1,830;1,771.46;34.62%
Top Dog Beach Club;7,999;2,930;1,287.81;11.43;0.16;71;9,127;1,759.60;36.63%
Woodies Generative Characters;8,478;3,272;2,350.05;63.75;0.28;230;3,808;1,758.45;38.59%
Koin Games Dev Squad;5,555;1,803;2,421.90;35.75;0.44;82;5,548;1,730.07;32.46%
Satoshibles;5,000;1,606;1,168.31;22.43;0.23;96;6,339;1,723.44;32.12%
Zunks;10,000;3,643;598.86;2.63;0.06;44;11,923;1,722.09;36.43%
Crypto Champions Collection;8,888;4,002;763.21;8.59;0.09;100;6,222;1,703.08;45.03%
Non-Fungible Heroes;8,887;3,529;1,273.06;65.75;0.14;459;10,191;1,697.28;39.71%
Sad Girls Bar;10,000;4,689;2,040.09;301.12;0.20;1,476;10,372;1,677.80;46.89%
Superlative Apes;4,441;2,602;3,447.78;255.42;0.78;329;5,683;1,669.78;58.59%
MAKC-M1;3,000;1,829;590.79;38.99;0.20;198;6,629;1,633.70;60.97%
ArcadeNFT;6,076;3,116;1,828.56;5.72;0.30;19;4,485;1,559.67;51.28%
DarkSuperBunnies;4,421;1,720;116.58;0.45;0.03;17;4,966;1,558.94;38.91%
The Alien Secret Society;9,997;5,716;1,622.43;51.45;0.16;317;6,225;1,554.63;57.18%
Fyat Lux (Dawn Collection);8,080;4,123;1,861.47;102.98;0.23;447;6,981;1,554.31;51.03%
Bad Bunnies NFT;5,500;1,914;825.36;7.35;0.15;49;7,069;1,548.77;34.80%
The Lost Glitches;9,999;3,278;382.51;1.80;0.04;47;7,114;1,540.87;32.78%
Squishy Squad NFT;8,887;6,203;1,710.65;100.09;0.19;520;9,080;1,533.60;69.80%
CHIBI DINOS;10,000;3,508;1,176.09;16.94;0.12;144;12,322;1,533.54;35.08%
Mandelbrot Set Collection;1,978;958;70.71;0.14;0.04;4;2,602;1,530.02;48.43%
Super Yeti;10,000;4,383;1,576.95;277.54;0.16;1,760;11,921;1,515.41;43.83%
Dope Shibas;9,899;3,928;165.09;0.75;0.02;45;11,570;1,515.36;39.68%
Loopy Donuts;10,000;3,823;274.20;1.10;0.03;40;11,305;1,511.82;38.23%
Rebel Bots;10,000;3,044;4,799.43;543.30;0.48;1,132;9,343;1,510.01;30.44%
Chibi Apes;3,000;1,850;597.91;18.93;0.20;95;5,469;1,482.69;61.67%
Magic Mushroom Clubhouse;9,200;4,912;1,078.19;47.23;0.12;403;10,113;1,480.34;53.39%
AlphaBetty Doodles;10,000;3,473;657.37;7.17;0.07;109;12,023;1,468.46;34.73%
Dysto Apez Official;4,444;2,098;786.84;45.50;0.18;257;6,188;1,463.09;47.21%
Bonsai by ZENFT;8,888;2,769;1,849.31;22.26;0.21;107;6,838;1,462.94;31.15%
Dogs Unchained;5,937;2,190;701.46;2.36;0.12;20;5,225;1,443.09;36.89%
GRILLZ GANG;5,362;2,929;574.31;2.89;0.11;27;3,604;1,441.04;54.63%
Great Ape Society;10,000;4,379;840.18;8.65;0.08;103;11,652;1,430.85;43.79%
LightSuperBunnies;4,469;1,707;123.91;0.42;0.03;15;4,373;1,424.47;38.20%
Secret Soc. of Whales;10,000;4,273;1,041.21;16.87;0.10;162;9,995;1,406.17;42.73%
Astro Frens;9,940;2,940;447.68;2.79;0.05;62;6,296;1,401.99;29.58%
Gray Boys;10,000;3,140;3,811.41;128.44;0.38;337;5,553;1,401.82;31.40%
Deez Nuts (Official Nuts);10,000;3,662;3,138.91;236.05;0.31;752;7,901;1,385.24;36.62%
The Moon Boyz;11,110;3,348;1,363.28;25.15;0.12;205;6,871;1,366.37;30.14%
Avarik Saga Universe;8,888;2,701;1,143.68;18.92;0.13;147;9,940;1,365.63;30.39%
OctoHedz;888;358;717.50;4.85;0.81;6;637;1,341.62;40.32%
BlockchainBikers;11,106;4,627;117.33;0.24;0.01;23;7,068;1,330.20;41.66%
Meka Ape Club (Official);5,640;2,980;1,242.28;38.33;0.22;174;5,382;1,325.54;52.84%
Heroes of Evermore;9,999;2,133;336.78;0.74;0.03;22;7,009;1,317.06;21.33%
Fast Food Frens Collection;5,555;1,929;440.84;1.75;0.08;22;5,688;1,311.61;34.73%
Wonky Stonks;8,736;4,714;873.13;4.10;0.10;41;6,871;1,303.62;53.96%
HOF Goat Lodge;10,000;3,161;1,594.99;313.89;0.16;1,968;10,329;1,294.88;31.61%
Mad Rabbits Riot Club;7,500;2,501;1,582.15;33.33;0.21;158;6,835;1,288.04;33.35%
MOONDOGS ODYSSEY;5,000;1,916;142.85;0.57;0.03;20;5,670;1,263.05;38.32%
Angry Apes United;8,888;4,925;2,032.63;23.78;0.23;104;6,408;1,256.63;55.41%
Cool Ape Club Official;5,555;2,708;794.21;84.64;0.14;592;10,002;1,246.57;48.75%
HappyLand Gummy Bears;9,600;4,141;400.25;1.21;0.04;29;9,595;1,226.56;43.14%
Shabu Town Shibas;10,000;3,069;158.53;0.24;0.02;15;6,867;1,209.84;30.69%
Wicked Hound Bone Club;11,111;4,030;216.28;0.91;0.02;47;7,571;1,207.60;36.27%
Savage Droids;6,356;2,115;492.26;5.73;0.08;74;7,625;1,200.24;33.28%
Bastard Penguins;9,709;3,967;225.36;1.23;0.02;53;13,624;1,199.59;40.86%
Flowtys;10,000;3,777;1,055.81;39.80;0.11;377;8,765;1,186.21;37.77%
Voxel Ville Official;3,499;1,451;1,772.36;86.62;0.51;171;3,700;1,184.51;41.47%
Glue Factory Show;10,000;3,484;603.70;4.17;0.06;69;7,674;1,183.98;34.84%
Grandpa Ape Country Club;4,998;2,290;1,766.99;615.87;0.35;1,742;4,246;1,182.51;45.82%
Krazy Koalas NFT;9,999;3,744;263.00;1.10;0.03;42;10,721;1,180.05;37.44%
THE PLUTO ALLIANCE;10,000;3,196;1,413.50;2.83;0.14;20;5,344;1,174.27;31.96%
Rivermen;9,966;1,589;1,688.03;28.46;0.17;168;3,827;1,172.95;15.94%
8 BIT UNIVERSE;8,887;3,416;195.07;0.18;0.02;8;7,717;1,165.19;38.44%
Long Neckie Ladies;3,333;1,554;1,484.57;159.90;0.45;359;4,414;1,162.97;46.62%
Roaring Leaders;8,245;1,647;931.16;4.40;0.11;39;6,634;1,146.29;19.98%
Pixls Official;5,468;1,608;1,561.84;25.14;0.29;88;4,179;1,143.69;29.41%
GenX by HOK;9,999;3,225;1,190.28;12.02;0.12;101;6,089;1,134.85;32.25%
Derpy Birbs;8,192;1,833;201.41;3.20;0.02;130;5,079;1,134.65;22.38%
thedudes;512;259;716.80;1.40;1.40;1;572;1,134.38;50.59%
LordSocietyNFT Official;7,776;5,105;1,710.70;1,125.95;0.22;5,118;5,118;1,125.95;65.65%
Crypto Hodlers NFT;10,000;2,183;1,073.87;107.39;0.11;1,000;7,784;1,121.17;21.83%
Crypto Duckies;4,998;1,868;741.55;4.75;0.15;32;11,689;1,109.65;37.37%
PunkScapes;10,000;3,521;1,364.54;20.47;0.14;150;6,904;1,109.11;35.21%
Sipherian Flash;10,000;3,845;2,416.12;40.59;0.24;168;4,960;1,093.89;38.45%
Warriors of Aradena;8,000;2,068;1,048.15;4.72;0.13;36;8,199;1,084.99;25.85%
Imps by SuperNfty;10,000;4,271;1,321.91;102.84;0.13;778;6,485;1,081.45;42.71%
COOL DOGS Official;5,000;2,584;1,083.71;55.70;0.22;257;6,863;1,063.78;51.68%
Divine Zodiac;9,998;3,583;321.19;0.51;0.03;16;10,446;1,060.18;35.84%
Super Shiba Club;10,010;2,883;136.80;0.16;0.01;12;6,987;1,045.47;28.80%
Chubbiverse Frens;8,888;2,469;2,137.72;70.47;0.24;293;6,290;1,045.23;27.78%
Dirtybird Flight Club;9,090;3,583;388.44;7.44;0.04;174;7,137;1,021.76;39.42%
Monster Blocks - Official;9,029;2,069;81.26;0.03;0.01;3;7,726;1,012.63;22.92%
My Fucking Pickle;10,000;2,766;211.58;1.10;0.02;52;13,239;1,010.18;27.66%
BitcoinBillionaires;13,337;4,977;1,885.51;23.19;0.14;164;6,647;1,008.21;37.32%
FoxyFam;3,333;1,528;426.70;19.08;0.13;149;4,389;1,002.98;45.84%
Genzee;9,937;3,797;1,298.75;52.93;0.13;405;10,047;999.05;38.21%
The Evolving Forest Genesis;9,344;1,535;346.10;0.93;0.04;25;5,194;985.43;16.43%
THE REAL GOAT SOCIETY;7,805;3,788;804.29;8.45;0.10;82;6,067;978.64;48.53%
Encryptas;10,000;3,950;1,792.60;794.48;0.18;4,432;7,020;959.89;39.50%
Arabian Camels;12,012;3,165;979.54;7.42;0.08;91;13,700;945.86;26.35%
NounPunks.eth;9,969;4,161;623.59;23.27;0.06;372;8,142;945.78;41.74%
ThorGuards;9,999;2,912;1,475.60;8.12;0.15;55;3,454;941.09;29.12%
Notorious Frogs;10,000;2,646;2,429.93;44.22;0.24;182;5,611;933.03;26.46%
ChainFaces;10,000;1,285;1,145.50;2.29;0.11;20;4,218;925.47;12.85%
SamuraiCats by Hiro Ando;4,747;2,100;808.86;47.54;0.17;279;3,703;916.94;44.24%
BULLSEUM;4,998;1,998;425.12;3.66;0.09;43;4,464;913.38;39.98%
Spiky Space Fish United;10,000;3,051;1,551.60;109.39;0.16;705;5,976;910.78;30.51%
Degenz;11,111;1,521;791.75;1.57;0.07;22;8,866;896.19;13.69%
BlankFace;10,000;5,206;263.86;0.55;0.03;21;8,763;893.45;52.06%
Lucky Maneki;14,219;3,113;414.60;0.96;0.03;33;8,755;889.74;21.89%
The Soldiers Of The Metaverse;7,500;2,553;642.07;1.97;0.09;23;6,929;888.69;34.04%
Slumdoge Billionaires;9,997;2,522;427.19;0.81;0.04;19;7,517;878.17;25.23%
Wanna Panda;10,000;2,913;91.31;0.29;0.01;32;6,848;876.22;29.13%
Based Fish Mafia;10,000;2,516;835.87;9.36;0.08;112;8,252;865.34;25.16%
CanineCartel;10,000;4,284;111.87;0.59;0.01;53;7,577;864.06;42.84%
ETHEREALS WTF;12,345;4,771;346.89;5.09;0.03;181;8,565;863.35;38.65%
Skvllpvnkz Hideout;10,000;3,439;982.52;19.16;0.10;195;7,936;856.31;34.39%
Doodled Punks (DUNKS);2,500;1,298;139.62;1.51;0.06;27;3,637;848.09;51.92%
Crypto Corgis;9,999;4,074;311.49;0.90;0.03;29;5,214;846.18;40.74%
Lucky Zeros | Purebase;3,333;1,444;1,002.01;66.74;0.30;222;3,771;824.54;43.32%
CryptoMutts;10,000;2,213;737.29;4.42;0.07;60;6,356;807.32;22.13%
Ninja Squad Official;8,888;3,183;1,814.74;80.45;0.20;394;6,100;802.88;35.81%
Uncool Cats NFT;6,969;2,618;398.59;8.92;0.06;156;7,468;797.46;37.57%
CryptoFighters;4,953;1,369;1,295.14;38.18;0.26;146;6,163;794.65;27.64%
Lysergic Labs Shroomz;8,589;3,145;192.75;2.02;0.02;90;6,245;786.79;36.62%
THE REBELS by House of Kalinkin;10,101;4,545;1,208.57;780.47;0.12;6,523;6,523;780.47;45.00%
Lil Pudgys;18,636;6,733;1,152.31;23.19;0.06;375;11,576;779.43;36.13%
Paradise Trippies;10,000;1,821;2,500.62;45.01;0.25;180;4,167;779.30;18.21%
Ciphersquares Official;3,623;1,208;1,914.76;2.11;0.53;4;4,259;770.75;33.34%
MonsterBuds;1,753;1,130;234.03;0.80;0.13;6;1,537;769.24;64.46%
Spookies NFT;8,888;2,672;131.88;0.24;0.01;16;7,564;758.55;30.06%
Ethereans Official;11,000;2,743;637.88;3.83;0.06;66;5,125;753.18;24.94%
Superfuzz The Good Guys;7,626;3,269;118.34;0.42;0.02;27;6,313;749.66;42.87%
WE ARE THE OUTKAST;10,000;3,474;354.36;3.79;0.04;107;8,763;743.16;34.74%
Angry Boars;10,000;3,422;441.39;3.09;0.04;70;7,447;732.88;34.22%
Holy Cows;5,000;1,815;156.80;1.57;0.03;50;5,444;726.05;36.30%
Goat Soup by Andy Milonakis;3,744;2,246;747.48;28.15;0.20;141;3,910;722.52;59.99%
Dreamloops;9,512;1,896;700.85;2.73;0.07;37;9,201;717.49;19.93%
Galaktic Gang;5,555;2,598;2,078.48;100.28;0.37;268;3,158;712.86;46.77%
The Ninja Hideout;8,885;3,346;131.56;0.41;0.01;28;6,920;707.31;37.66%
Lumps World;500;282;520.00;5.20;1.04;5;1,062;704.55;56.40%
The Dreamers;14,006;4,299;790.70;17.50;0.06;310;6,686;697.50;30.69%
TinyPaws;5,583;2,374;170.35;1.25;0.03;41;5,246;697.13;42.52%
EtherGals;5,536;2,370;452.57;67.36;0.08;824;6,404;694.67;42.81%
The Modz;5,555;2,644;268.64;4.40;0.05;91;7,066;691.45;47.60%
BroadcastersNFT;7,777;2,525;226.35;1.89;0.03;65;7,258;690.73;32.47%
ApesOfSpace;10,000;5,055;875.81;7.09;0.09;81;10,284;684.33;50.55%
Robopets;8,017;3,931;2,508.89;201.22;0.31;643;3,250;667.01;49.03%
BearsOnTheBlock;9,495;3,245;320.22;1.99;0.03;59;4,394;664.67;34.18%
Kindergarten BabyApes (KBA);10,000;5,574;623.14;24.99;0.06;401;6,386;662.30;55.74%
SpaceBoysNFT;8,888;4,590;157.39;1.04;0.02;59;9,272;659.32;51.64%
Dark Horizon;8,686;2,962;161.75;0.69;0.02;37;5,766;656.89;34.10%
Citizens of Bulliever Island;10,000;2,239;1,981.03;128.17;0.20;647;4,948;651.86;22.39%
Gorilla Nemesis;5,000;1,282;301.38;1.02;0.06;17;4,773;651.49;25.64%
Genesis Blocks Art;2,500;1,214;131.13;0.68;0.05;13;3,288;644.38;48.56%
1,989 Sisters;1,989;594;1,615.33;633.46;0.81;780;845;643.22;29.86%
Untamed Elephants;7,500;3,052;451.47;4.70;0.06;78;8,764;643.21;40.69%
TheDiamondHands;11,111;2,448;323.34;5.35;0.03;184;6,208;639.53;22.03%
the pixels inc;5,062;2,454;402.93;16.16;0.08;203;3,298;628.32;48.48%
Sora's DreamworId;10,000;3,794;513.50;1.34;0.05;26;6,231;627.82;37.94%
Choadz;4,916;2,288;159.47;1.56;0.03;48;2,147;626.05;46.54%
Dizzy Dragons;5,593;2,110;422.83;2.49;0.08;33;5,764;617.33;37.73%
POW NFT;5,849;1,726;264.08;0.18;0.05;4;2,339;611.57;29.51%
Lazy Bunny NFT;5,555;3,178;2,060.40;66.76;0.37;180;2,945;600.98;57.21%
Barn Owlz;3,000;1,247;386.94;1.29;0.13;10;5,011;598.42;41.57%
GEMMA BY TRISTAN EATON;4,999;2,635;1,080.86;588.54;0.22;2,722;2,722;588.54;52.71%
Nobodyeth.art;3,210;1,207;165.43;1.13;0.05;22;3,500;583.84;37.60%
CryptoTrunks;23,497;11,551;2,470.97;1.89;0.11;18;3,182;581.99;49.16%
StripperVille NFTs;3,010;857;301.08;3.60;0.10;36;3,065;580.93;28.47%
Tokenmon;10,419;2,013;5.75;0.02;0.00;29;5,173;578.33;19.32%
MetaTravelers: Nibiru;7,777;3,104;298.84;2.46;0.04;64;4,552;568.03;39.91%
WE_ARE_KLOUD;5,000;2,443;1,340.77;544.62;0.27;2,031;2,117;566.61;48.86%
Cunning Foxes;8,864;3,885;283.57;1.38;0.03;43;13,834;563.05;43.83%
Lucky Sloths NFT;2,700;1,326;136.04;3.78;0.05;75;7,295;560.44;49.11%
Demi-Human NFT;10,001;3,455;3,320.75;74.71;0.33;225;2,065;559.50;34.55%
Lostboy NFT;10,000;3,671;839.33;23.75;0.08;283;7,420;551.40;36.71%
STRAWBERRY.WTF;9,979;3,306;282.26;0.59;0.03;21;5,395;548.63;33.13%
MONGS NFT;6,968;1,707;1,225.52;360.90;0.18;2,052;4,634;540.48;24.50%
Save the Martians;14,226;3,962;160.35;0.16;0.01;14;10,185;533.81;27.85%
OctoHedz Reloaded;8,001;1,954;324.20;3.48;0.04;86;4,304;529.59;24.42%
Lamb Duhs;8,500;2,635;425.74;1.55;0.05;31;7,463;527.10;31.00%
Private Jet Pyjama Party;5,267;2,097;2,751.32;100.29;0.52;192;1,437;523.17;39.81%
Lost Souls Sanctuary;9,998;1,878;656.32;1.31;0.07;20;4,678;521.57;18.78%
Lockdown Lemmings;9,997;3,813;159.22;0.40;0.02;25;7,792;520.52;38.14%
Bad Kids Alley Official;8,888;3,322;95.46;0.11;0.01;10;5,377;518.24;37.38%
The Family Mooks by Doodle Labs;3,463;1,556;730.45;18.77;0.21;89;1,577;516.14;44.93%
SandVegasCasinoClub Official;11,111;4,199;2,294.37;98.50;0.21;477;3,285;508.43;37.79%
The WonderQuest;10,000;2,747;110.62;0.19;0.01;17;4,092;506.78;27.47%
Party Grandpa | Retirement Club;6,000;2,690;597.46;8.86;0.10;89;2,396;497.35;44.83%
Tie Dye Ninjas;7,777;2,827;228.94;0.91;0.03;31;4,524;497.24;36.35%
Doodle Dogs NFT Official;10,000;3,398;443.13;21.58;0.04;487;7,660;495.48;33.98%
The CryptoMoms;8,785;6,856;1,203.19;34.65;0.14;253;2,383;491.58;78.04%
CrazySkullzNFT;10,010;2,841;382.15;3.09;0.04;81;5,515;484.73;28.38%
Basic Bored Ape Club;10,000;4,543;416.04;16.56;0.04;398;11,540;484.69;45.43%
COSMIC COWGIRLS: NFT;6,969;2,982;616.01;256.16;0.09;2,898;6,109;482.25;42.79%
Buzzed Bear Hideout;9,999;2,630;432.77;1.90;0.04;44;6,571;480.74;26.30%
The Wicked Stallions;9,814;3,084;187.28;0.23;0.02;12;4,029;478.41;31.42%
Crazy Babies Official;3,868;2,169;731.82;18.73;0.19;99;1,994;476.71;56.08%
PixelBeasts (Beastopia);9,999;3,145;310.29;4.13;0.03;133;5,966;473.26;31.45%
Standametti;4,331;1,815;86.62;0.06;0.02;3;3,493;472.33;41.91%
The Metapreneurs;11,111;5,912;3,271.60;164.30;0.29;558;1,790;465.47;53.21%
Space Dinos Club;9,518;3,925;473.31;3.23;0.05;65;2,274;462.11;41.24%
Slacker Duck Pond;6,000;2,051;174.42;0.99;0.03;34;7,477;460.90;34.18%
Bear Market Bears;9,943;3,005;83.77;0.07;0.01;8;6,242;458.81;30.22%
HODL GANG;2,999;1,076;73.01;0.27;0.02;11;3,071;454.63;35.88%
AfroDroids By Owo;12,115;3,567;362.22;6.58;0.03;220;5,190;447.05;29.44%
The BirdHouse;5,999;2,011;115.98;0.29;0.02;15;5,535;439.67;33.52%
HashGuise Gen One;8,852;2,431;33.80;0.04;0.00;11;3,638;439.32;27.46%
PunkCats;1,000;473;305.00;2.74;0.30;9;2,012;439.12;47.30%
Spunks;10,000;1,202;484.00;0.48;0.05;10;2,031;434.57;12.02%
Pixel Foxes Official;10,000;3,291;185.56;0.30;0.02;16;6,842;432.52;32.91%
Rowdy Roos;9,999;4,130;1,935.10;43.74;0.19;226;3,015;425.87;41.30%
Galactic Secret Agency;9,999;2,626;414.46;0.91;0.04;22;6,053;422.55;26.26%
BlazedCats;9,951;3,235;574.28;1.04;0.06;18;5,682;422.05;32.51%
Sewer Rat Social Club;8,888;2,381;697.13;13.57;0.08;173;5,473;421.75;26.79%
The WynLambo;9,999;2,668;566.85;2.38;0.06;42;3,446;418.12;26.68%
Lazy Lions Bungalows;10,261;4,439;839.34;10.31;0.08;126;3,123;414.73;43.26%
Museum The White Room;4,801;2,404;106.58;0.11;0.02;5;3,307;412.65;50.07%
Cypher City;8,886;2,727;128.79;1.04;0.01;72;6,266;412.20;30.69%
Primate Social Society Official;10,000;2,456;474.70;2.71;0.05;57;4,949;409.27;24.56%
Pirate Treasure BC;4,946;1,682;127.30;0.21;0.03;8;6,598;404.10;34.01%
The Goobers;14,508;4,219;1,603.60;29.07;0.11;263;3,681;400.90;29.08%
Ethalien;7,500;1,620;452.00;10.37;0.06;172;5,599;400.31;21.60%
Monster Shelter;5,555;2,460;267.47;8.72;0.05;181;5,248;396.27;44.28%
Sneaky Bat Syndicate;8,293;2,004;866.62;11.50;0.10;110;2,262;393.73;24.16%
Sushiverse;10,000;3,708;61.05;0.23;0.01;38;4,791;392.07;37.08%
Shiba Shelter NFT;5,555;1,977;282.83;19.14;0.05;376;3,204;389.88;35.59%
Stoned Apez Saturn Club;6,966;2,343;244.29;1.72;0.04;49;5,042;389.74;33.63%
WeMint Washington;10,000;3,692;82.14;0.17;0.01;21;6,758;386.27;36.92%
PugFrens;8,787;3,549;88.41;0.38;0.01;38;5,262;386.01;40.39%
Mutant-Gorillas;8,915;1,307;323.80;1.05;0.04;29;3,208;384.98;14.66%
RichKidsOfficial;7,389;3,001;513.54;0.28;0.07;4;4,041;376.31;40.61%
Baby Combat Bots G1;3,498;1,387;39.04;0.38;0.01;34;2,752;369.61;39.65%
XOiDs Fleet 001;4,444;1,589;2,278.84;39.48;0.51;77;1,391;367.46;35.76%
DSC eMATES | 4 DA NXT LV;8,000;1,428;492.65;6.84;0.06;111;3,391;366.76;17.85%
IMMORTALZ - Ambary Assassins;4,517;1,873;440.35;6.82;0.10;70;2,693;364.85;41.47%
Boring Bananas Co.;8,888;2,208;394.69;0.62;0.04;14;8,798;362.18;24.84%
Epic Eagles;7,676;3,707;247.18;3.45;0.03;107;7,379;361.83;48.29%
PPPandas;3,999;1,240;160.37;1.40;0.04;35;3,948;361.46;31.01%
Dapper Dinos Karma Collective;555;444;415.97;17.99;0.75;24;299;359.48;80.00%
The League Of Sacred Devils;10,000;3,672;187.69;0.24;0.02;13;2,879;348.69;36.72%
Badass Bulls;2,222;1,040;120.94;0.38;0.05;7;3,666;344.17;46.80%
Basement Dwellers;9,851;3,411;25.39;0.03;0.00;13;3,901;339.09;34.63%
Purojekuto3333 by Hisoka Gaka;2,188;616;402.35;12.32;0.18;67;1,481;337.86;28.15%
Misfit University;10,000;2,421;41.68;0.17;0.00;40;5,763;337.31;24.21%
Infinity Frogs NFT;10,000;3,739;115.57;0.16;0.01;14;3,850;332.26;37.39%
Goblin Goons;4,713;1,385;106.17;0.23;0.02;10;5,179;331.61;29.39%
Lobby Lobsters;10,000;2,493;274.70;0.82;0.03;30;2,687;329.07;24.93%
Lucha Libre Knockout;10,000;3,126;252.00;1.29;0.03;51;6,104;328.74;31.26%
Two Bit Bears;5,000;1,603;582.88;40.68;0.12;349;4,014;326.76;32.06%
GRAYCRAFT2;5,198;1,575;1,283.47;51.36;0.25;208;2,795;322.96;30.30%
Bored Mummy Baby Waking Up;3,888;2,556;306.57;1.42;0.08;18;2,284;313.18;65.74%
Chads NFT;10,000;2,335;246.06;0.39;0.02;16;4,857;313.18;23.35%
DropBears NFT;10,000;4,117;210.94;1.18;0.02;56;5,116;309.58;41.17%
GalaXY Kats Universe;10,000;3,064;943.58;6.23;0.09;66;1,918;306.67;30.64%
Raccoon Mafia;3,331;1,537;49.88;0.18;0.01;12;2,860;304.71;46.14%
Rabbit College Club;10,000;2,197;19.29;0.01;0.00;7;6,263;303.92;21.97%
Ape Harbour Yachts;7,776;2,494;417.74;2.20;0.05;41;4,085;300.42;32.07%
Animathereum;9,999;2,201;18.18;0.02;0.00;11;4,512;299.38;22.01%
CleverGirls NFT;5,555;2,036;137.78;0.79;0.02;32;3,367;298.79;36.65%
Nice Drips;11,111;3,040;33.46;0.08;0.00;26;5,953;298.15;27.36%
Gator World NFT;3,010;1,277;71.96;0.29;0.02;12;5,837;295.62;42.43%
Mad Banana Union;6,969;2,334;139.14;0.20;0.02;10;3,180;293.71;33.49%
Kamagang;3,163;1,154;325.54;4.01;0.10;39;2,330;292.85;36.48%
MutantKongz;500;180;265.63;2.13;0.53;4;1,073;284.99;36.00%
Outlaw Gals MC;6,000;1,866;330.81;38.87;0.06;705;4,056;284.47;31.10%
The NFTBirds;1,499;710;179.53;1.68;0.12;14;2,048;284.44;47.36%
Song A Day;4,211;1,649;526.54;50.52;0.13;404;1,783;284.29;39.16%
Skullx;10,000;2,595;1,181.60;41.83;0.12;354;2,280;283.88;25.95%
PixaWizards;1,000;488;94.96;0.47;0.09;5;1,292;283.60;48.80%
MADworld X B.Duck;4,000;1,880;904.33;35.95;0.23;159;1,653;281.55;47.00%
Osiris Cosmic Kids;9,999;2,637;410.99;1.52;0.04;37;4,009;280.88;26.37%
Superfuzz The Bad Batch;777;488;25.77;0.27;0.03;8;705;277.33;62.81%
The KittyButts;10,000;2,709;329.72;1.29;0.03;39;5,762;276.62;27.09%
MissCryptoClub;3,144;1,295;545.02;137.12;0.17;791;3,060;276.51;41.19%
Monas;5,002;1,969;311.24;1.06;0.06;17;4,529;272.93;39.36%
Hewer Clan;9,999;2,781;393.29;0.12;0.04;3;4,096;272.82;27.81%
Rickstro Frens;9,196;2,409;124.40;1.39;0.01;103;2,135;271.50;26.20%
Raccoon Secret Society;10,000;3,108;23.33;0.01;0.00;6;4,702;271.15;31.08%
Starlink PixelNauts;10,000;1,674;1,135.07;7.83;0.11;69;1,749;269.99;16.74%
HDPunks;10,000;1,153;320.00;0.13;0.03;4;8,832;266.24;11.53%
Animal Society;7,777;3,546;113.74;0.35;0.01;24;3,626;263.82;45.60%
Baller Bears NFT;4,444;2,120;944.84;38.48;0.21;181;1,681;262.93;47.70%
Qubits On The Ice;9,999;2,473;138.75;0.29;0.01;21;4,075;259.66;24.73%
Mighty Manateez;10,000;2,456;94.73;0.10;0.01;11;6,220;257.16;24.56%
FullBodyApeClub;1,111;540;120.53;3.69;0.11;34;925;252.63;48.60%
STARCATS NFT;1,512;703;399.19;43.56;0.26;165;1,105;251.44;46.49%
Blob Mob;939;508;55.40;0.24;0.06;4;2,354;250.91;54.10%
Froggies Beginnings;4,096;1,577;32.77;0.01;0.01;1;2,953;250.65;38.50%
HatchDracoNFT;8,050;1,642;18.40;0.02;0.00;7;2,579;246.81;20.40%
astroGems;1,074;474;13.42;0.10;0.01;8;2,475;244.42;44.13%
PunkBabies;3,901;967;77.16;0.10;0.02;5;7,197;242.26;24.79%
Degen'$ Farm;960;192;120.00;0.25;0.13;2;664;239.72;20.00%
The SneakerHeadz Society;4,445;1,204;269.12;0.67;0.06;11;2,318;238.57;27.09%
Bushidos;8,888;2,798;317.85;1.86;0.04;52;2,431;235.92;31.48%
Cyber Hornets Colony Club;8,888;2,057;414.09;8.76;0.05;188;2,817;235.56;23.14%
AKC Pets;11,999;4,028;766.95;18.41;0.06;288;2,738;233.74;33.57%
dogedash;4,120;1,542;1,222.35;6.82;0.30;23;822;232.03;37.43%
Sleeper Hits Collection Volume 1 NFT Cribs;5,555;1,919;1,334.17;1.92;0.24;8;1,342;231.60;34.55%
Neon Junkies;9,132;2,905;54.49;0.02;0.01;3;3,767;231.24;31.81%
Cartlads;1,001;475;153.04;5.05;0.15;33;1,850;229.00;47.45%
Unstable Horses Yard;9,999;3,080;315.72;5.65;0.03;179;4,306;226.32;30.80%
Mr. Bojangles - Sleepy Sloth;1,180;511;23.60;0.02;0.02;1;1,248;223.97;43.31%
Non-Fungible Aliens;4,091;2,229;903.57;20.10;0.22;91;1,048;216.54;54.49%
Wicked Monsters;4,329;2,159;329.26;4.49;0.08;59;1,145;216.30;49.87%
SportsIcon Lion Club;9,000;2,940;694.80;4.32;0.08;56;2,874;215.19;32.67%
Official DogeX;9,999;2,503;449.07;1.53;0.04;34;1,735;213.01;25.03%
Cranky Critters NFT;6,000;2,094;350.68;54.65;0.06;935;2,744;212.98;34.90%
Maneki Gang;11,358;2,215;293.32;0.31;0.03;12;2,382;212.92;19.50%
Unusual Whales;6,969;3,102;199.71;1.55;0.03;54;3,115;212.69;44.51%
MUTANT PUNKS CITY;3,608;1,739;272.79;6.05;0.08;80;1,738;210.66;48.20%
The Shark Cove;2,913;994;187.78;2.58;0.06;40;2,666;209.78;34.12%
Toucan Gang;7,714;2,462;557.14;2.89;0.07;40;1,531;208.61;31.92%
Mad Cat Militia;8,271;2,194;182.71;0.24;0.02;11;3,483;208.29;26.53%
Guppy Gang;8,001;1,765;1,112.15;11.95;0.14;86;1,559;204.13;22.06%
DJENERATES;10,000;1,812;365.00;0.88;0.04;24;1,697;203.52;18.12%
Frogs In Disguise;10,005;3,221;46.12;0.05;0.00;10;2,793;202.83;32.19%
isotile Genesis Avatars;7,587;1,334;640.95;7.35;0.08;87;1,813;202.60;17.58%
Bones Club Heritage;1,010;588;93.80;0.37;0.09;4;2,229;198.58;58.22%
Alto city;4,161;870;580.46;1.26;0.14;9;1,792;197.07;20.91%
Minitaurs Reborn;3,333;1,632;56.14;1.21;0.02;72;4,288;194.54;48.96%
Hammys;1,000;429;153.62;1.23;0.15;8;1,642;189.21;42.90%
Gods Of Rock;7,006;2,329;330.99;0.76;0.05;16;2,000;182.23;33.24%
Nifty Island: Legendary Pistols;3,566;2,038;1,199.51;14.80;0.34;44;789;180.75;57.15%
vEmpire - The Founding Soldiers;582;127;162.96;1.12;0.28;4;450;180.29;21.82%
Toddlerpillars;9,998;3,173;467.35;18.56;0.05;397;3,077;179.61;31.74%
Penguin Fight Club;10,000;3,268;300.09;0.99;0.03;33;2,718;179.22;32.68%
Hungry Wolves;6,000;1,374;998.75;41.95;0.17;252;1,259;179.11;22.90%
Re-Genz;2,538;977;91.04;0.36;0.04;10;754;178.52;38.49%
Mini Monkey Mafia;5,000;1,742;38.50;0.04;0.01;5;3,534;178.35;34.84%
HypeHippo.io;10,000;3,698;88.82;0.15;0.01;17;2,614;178.27;36.98%
Panda Dynasty;8,888;3,585;335.71;1.17;0.04;31;3,229;178.22;40.34%
Pluto Alliance V2;10,000;4,118;2,109.34;8.65;0.21;41;810;177.74;41.18%
Fxck Face;5,328;1,879;49.36;0.10;0.01;11;7,547;173.49;35.27%
DeepSeaJelly;9,970;6,909;352.70;0.42;0.04;12;3,884;173.36;69.30%
DEMONZv1;6,967;1,822;471.09;10.01;0.07;148;2,022;170.35;26.15%
Deathbats Club;10,000;4,856;1,546.50;29.38;0.15;190;1,077;168.21;48.56%
Angels of Aether;5,123;1,679;474.85;106.59;0.09;1,150;1,813;167.01;32.77%
Deadbears Official;10,000;2,240;102.00;0.10;0.01;10;2,884;164.81;22.40%
Merry Modz;10,000;2,929;587.63;2.53;0.06;43;1,316;163.16;29.29%
The Street Dawgs;3,126;961;251.45;2.90;0.08;36;1,331;161.82;30.74%
The Fuckin' Trolls;10,003;2,057;100.15;0.70;0.01;70;4,095;161.76;20.56%
Top Cat Beach Club;6,876;2,086;415.65;3.02;0.06;50;1,332;159.80;30.34%
Metaverse Travel Agency (M.T.A.);5,669;2,737;198.98;0.39;0.04;11;1,562;159.24;48.28%
Soccer Doge Club;9,843;1,863;615.39;3.00;0.06;48;2,592;156.55;18.93%
Mighty Baby Dragons;10,000;2,188;126.23;0.10;0.01;8;3,178;155.18;21.88%
The Divine NFT;4,476;1,684;780.83;137.47;0.17;788;1,009;154.87;37.62%
SatoshiFaces;3,647;811;328.23;0.09;0.09;1;857;154.20;22.24%
Crazy Panthers;3,333;1,041;78.31;1.36;0.02;58;2,026;153.95;31.23%
Royal Ceramic Club;5,000;2,046;90.20;1.05;0.02;58;1,780;152.99;40.92%
SVINS;727;306;17.45;0.02;0.02;1;1,232;152.63;42.09%
Keplers Civil Society;7,776;1,974;63.32;0.05;0.01;5;2,631;151.86;25.39%
Procedural Space;10,000;1,465;30.00;0.01;0.00;3;2,076;150.53;14.65%
KidPunks;999;291;65.27;0.20;0.07;3;1,518;149.52;29.13%
Nonconformist Ducks;10,000;1,695;1,443.49;46.05;0.14;319;1,655;148.64;16.95%
BLU Blox;10,000;3,744;449.24;1.30;0.04;29;1,349;147.11;37.44%
Reckless Whales;9,944;2,082;107.12;0.19;0.01;18;4,378;145.93;20.94%
Degen Gang;7,000;2,154;277.49;5.19;0.04;131;1,873;145.87;30.77%
Roo Troop;5,503;1,988;319.14;32.07;0.06;553;2,333;145.08;36.13%
PandaParadise;8,888;2,218;553.54;1.56;0.06;25;2,326;141.06;24.95%
Bees Deluxe;6,908;1,611;850.75;8.74;0.12;71;827;141.03;23.32%
ArcadeNFT - ToadRunnerz;4,777;3,201;137.66;1.24;0.03;43;1,250;140.30;67.01%
Bit Wine;1,000;327;59.00;0.59;0.06;10;912;136.50;32.70%
Polar Pals Bobsledding;4,154;1,129;40.16;0.03;0.01;3;1,781;135.84;27.18%
MonkePunks;999;601;26.17;0.13;0.03;5;1,688;135.49;60.16%
BrokeBoyz;6,563;1,895;675.05;10.59;0.10;103;1,665;134.54;28.87%
Jailed Baby Ape Club;8,989;3,334;430.76;23.77;0.05;496;2,682;133.80;37.09%
The 4001 Project;3,988;919;38.88;0.04;0.01;4;2,020;132.29;23.04%
Generation: Habibi;860;616;241.96;5.63;0.28;20;393;132.21;71.63%
Chibi Galaxy;3,500;1,693;385.96;13.78;0.11;125;1,180;132.09;48.37%
Ape Gang;7,046;2,152;3,032.08;31.41;0.43;73;302;129.35;30.54%
Absurd Arboretum;2,838;952;82.30;0.03;0.03;1;1,335;128.62;33.54%
Slimes World;1,000;325;92.47;8.41;0.09;91;948;127.63;32.50%
BUTTHEADS;8,888;2,673;544.98;20.79;0.06;339;3,875;125.40;30.07%
Space Bugs;3,333;783;240.08;2.02;0.07;28;469;120.76;23.49%
Night Owls Official;2,399;1,104;306.46;120.08;0.13;940;940;120.08;46.02%
Platy Punks - Official;3,571;1,035;94.75;0.40;0.03;15;2,815;118.44;28.98%
DickleButts;4,999;1,774;277.43;9.49;0.06;171;3,818;118.33;35.49%
Criminal Donkeys;9,946;1,003;262.96;0.37;0.03;14;2,608;117.90;10.08%
Sketchy Ape Book Club;6,341;1,855;823.41;22.34;0.13;172;976;116.09;29.25%
BullsOnTheBlock Evo;5,887;1,822;634.28;2.48;0.11;23;599;114.69;30.95%
Monster Rehab;5,365;1,646;130.77;0.49;0.02;20;1,772;112.28;30.68%
GameOfBlocks;2,381;1,209;1,068.38;18.40;0.45;41;489;111.35;50.78%
Beatnik Tiki Tribe;4,998;1,586;161.54;0.45;0.03;14;1,808;110.52;31.73%
Waveblocks;666;300;345.63;1.56;0.52;3;181;109.75;45.05%
Cool Kitty NFT;3,852;1,153;154.08;0.12;0.04;3;2,458;107.88;29.93%
Royal Society Chips;10,000;1,221;874.55;0.96;0.09;11;882;105.75;12.21%
Cybergirl Fashion;3,330;505;74.59;0.22;0.02;10;1,559;105.24;15.17%
AiVATAR;6,000;1,549;183.16;0.34;0.03;11;1,751;103.07;25.82%
Baby Ghosts;10,000;3,885;662.63;22.79;0.07;344;1,562;102.74;38.85%
Niftyriots;5,532;1,620;2.77;0.00;0.00;2;1,728;99.43;29.28%
Floyds World;9,943;1,626;103.16;0.47;0.01;45;1,176;99.42;16.35%
ORCZ!;8,793;2,912;3.77;0.00;0.00;7;1,332;97.43;33.12%
Catshit Crazy;10,069;2,516;25.17;0.01;0.00;2;1,188;96.51;24.99%
Diamond Crypto Dunks;4,200;1,608;285.07;2.85;0.07;42;1,029;96.26;38.29%
Cute Pig Club;10,000;2,120;7.38;0.01;0.00;8;2,768;94.91;21.20%
MeowBits Collection;209;69;19.85;0.28;0.09;3;329;93.20;33.01%
Crumbys Bakery;1,000;372;37.56;0.94;0.04;25;1,250;92.01;37.20%
RagingRhinos;5,000;1,578;66.25;0.05;0.01;4;2,319;84.09;31.56%
Angry Meerkats;7,631;2,057;352.79;3.24;0.05;70;1,155;82.65;26.96%
Fine-Ass CryptoApes (FACA);1,800;645;25.65;0.06;0.01;4;614;82.08;35.83%
Bones & Bananas;10,000;6,858;792.50;0.32;0.08;4;2,156;81.93;68.58%
INVADERS (ALIEN);8,663;989;38.98;0.01;0.00;2;1,493;81.54;11.42%
Panda Golf Squad;3,220;1,115;36.80;0.16;0.01;14;1,464;79.99;34.63%
Bulldroids NFT Official;5,656;2,677;586.16;79.90;0.10;771;771;79.90;47.33%
Wixa;7,793;1,363;208.26;0.78;0.03;29;1,561;79.57;17.49%
KBOT_FACTORY;3,999;878;258.94;0.26;0.06;4;1,630;79.57;21.96%
Crazy Dragon Corps;1,243;617;31.70;0.05;0.03;2;260;78.35;49.64%
Delisted Tiny Punks;1,009;355;8.07;0.01;0.01;1;1,031;77.66;35.18%
Approving Corgis;5,036;1,720;217.36;3.75;0.04;87;1,623;76.93;34.15%
Lady KILLAz;9,971;3,155;107.02;0.06;0.01;6;1,293;76.32;31.64%
Creative Art Quest Raining Pixels;208;150;8.74;0.04;0.04;1;458;75.63;72.12%
Bullish Llama;3,704;1,568;5.93;0.01;0.00;5;881;74.97;42.33%
Five Penguins;3,125;1,163;114.83;1.14;0.04;31;1,161;74.83;37.22%
Starchain Official;10,000;965;0.00;0.00;0.00;4;1,299;74.03;9.65%
Satoshis Legions - The Legionnaires;5,555;1,425;745.19;10.73;0.13;80;481;73.72;25.65%
Official Business Ape Club;1,691;839;198.93;5.53;0.12;47;406;70.23;49.62%
Grouchy Tiger Social Club;10,000;713;1,069.95;12.41;0.11;116;1,072;69.99;7.13%
RealCryptoPunks;4,989;809;3.49;0.00;0.00;1;1,135;69.44;16.22%
BoringStone Genesis Collection;10,000;2,983;352.54;10.58;0.04;300;1,620;69.40;29.83%
Analog Summer;1,234;591;218.58;23.91;0.18;135;398;68.74;47.89%
Monkeybrix;5,000;528;40.00;0.01;0.01;1;689;68.50;10.56%
Punkachus;2,900;1,404;0;0;0;0;1,468;67.70;48.41%
NoBrainers;2,436;1,348;238.46;3.23;0.10;33;684;67.32;55.34%
SamuraiDoge;5,586;1,294;378.13;0.88;0.07;13;990;67.18;23.17%
Strange Hands Official;3,000;1,301;294.78;28.10;0.10;286;629;66.29;43.37%
Kuddle Koalas;7,497;1,868;5.83;0.01;0.00;9;1,725;64.74;24.92%
PORK1984;6,921;2,366;116.46;0.49;0.02;29;1,294;63.98;34.19%
Farmers Marketverse Patrons;5,000;1,527;0;0;0;0;1,166;63.72;30.54%
Chunky Cow Club;5,000;1,368;12.50;0.01;0.00;4;2,454;63.70;27.36%
The CryptoSaints;2,130;740;145.54;0.48;0.07;7;451;63.30;34.74%
CryptoFoxes Origins;820;351;253.48;7.42;0.31;24;155;61.12;42.80%
Dead Devil Society;5,000;1,172;110.00;0.11;0.02;5;1,271;60.52;23.44%
RugPullFrens;3,216;1,118;376.41;37.92;0.12;324;730;59.58;34.76%
Sleepy Sloth Society by Zzz Labs;2,178;904;155.59;3.86;0.07;54;516;59.52;41.51%
Space Bears Official;1,003;433;12.44;0.06;0.01;5;1,232;59.47;43.17%
Crypto Ghosts NFT;9,844;2,912;22.92;0.03;0.00;14;1,141;58.62;29.58%
M101 Shelter Survivors;3,101;1,093;291.92;3.95;0.09;42;663;58.24;35.25%
Expandables Official;3,500;887;77.25;3.07;0.02;139;825;57.79;25.34%
Kangaroo Heroes Original;3,600;1,793;987.95;45.83;0.27;167;239;57.68;49.81%
We are Dorkis;4,721;1,168;105.52;0.80;0.02;36;757;56.99;24.74%
Etheremura;3,167;974;0;0;0;0;562;56.93;30.75%
Nice Fun Zombies;4,677;1,062;143.79;2.40;0.03;78;1,433;56.81;22.71%
FUD Monsters;6,803;2,286;3.40;0.00;0.00;2;1,417;55.48;33.60%
The MonstroCities;2,674;746;138.93;1.82;0.05;35;782;55.16;27.90%
GLICPIXXXVER002 - GRAND COLLECTION;5,086;997;505.45;0.50;0.10;5;464;55.05;19.60%
PyMons;11,111;1,665;492.59;0.13;0.04;3;1,492;54.16;14.99%
NFTLions;101;73;39.39;0.39;0.39;1;139;54.15;72.28%
Art Stars Club Official;3,853;1,431;15.41;0.00;0.00;1;902;54.11;37.14%
Chihuahua Gang;500;190;20.00;0.12;0.04;3;692;53.88;38.00%
Shopverse;2,800;2,075;324.64;1.97;0.12;17;409;53.76;74.11%
GAWDS;4,812;1,382;306.75;0.83;0.06;13;706;53.51;28.72%
Ghetto SharkHood;2,330;834;175.92;1.96;0.08;26;470;50.63;35.79%
House of Warlords;2,838;767;244.06;6.54;0.09;76;615;49.31;27.03%
Devious Demon Dudes;2,825;772;161.12;0.17;0.06;3;595;48.88;27.33%
Naughty Tigers Costume Club;10,000;2,122;186.20;0.09;0.02;5;1,581;47.81;21.22%
The DeFi Rangers;1,902;639;33.76;0.07;0.02;4;441;47.27;33.60%
RUUMZ;3,560;1,167;53.40;0.09;0.02;6;753;46.96;32.78%
Rebel Kids;3,333;1,350;120.26;1.73;0.04;48;827;45.85;40.50%
Homie Gs;4,558;1,956;424.91;9.23;0.09;99;517;45.04;42.91%
SLOTHz;5,127;1,711;50.97;0.19;0.01;19;844;44.80;33.37%
Crazy Crows Chess Club;8,193;1,947;0;0;0;0;1,240;44.78;23.76%
Feel Gang;10,000;1,845;169.80;11.29;0.02;665;2,595;44.68;18.45%
MetaSharksNFT;3,337;596;497.80;2.98;0.15;20;330;44.19;17.86%
The Everyones;2,500;506;327.64;6.03;0.13;46;430;43.65;20.24%
Good Guys NFT;5,713;1,461;72.07;0.16;0.01;13;991;43.23;25.57%
Trollz;1,005;392;2.01;0.00;0.00;2;344;42.57;39.00%
Jungle Destroyers Official;8,888;3,751;299.82;3.31;0.03;98;779;41.84;42.20%
Great Genesis Gorillas;2,000;624;20.00;0.07;0.01;7;612;41.34;31.20%
Cryptolanders;926;718;99.29;1.82;0.11;17;272;40.46;77.54%
The WolfGang;9,958;3,752;260.40;3.74;0.03;143;1,402;40.16;37.68%
Coalition Crew;1,010;530;420.36;17.90;0.42;43;156;40.14;52.48%
NOOBS NFT;5,152;1,021;87.58;0.03;0.02;2;912;39.67;19.82%
Shiba Society;2,002;689;54.05;0.16;0.03;6;859;37.52;34.42%
SpaceShibas;5,154;1,063;251.26;0.19;0.05;4;805;37.03;20.62%
Light Cult Crypto Club;4,874;1,258;222.74;0.69;0.05;15;392;36.67;25.81%
Degenerated: High Flyers;6,969;1,078;0;0;0;1;1,875;35.41;15.47%
United Punks Union;3,622;1,185;7.24;0.00;0.00;1;532;34.89;32.72%
Metavaders;1,664;591;16.65;0.02;0.01;2;666;33.43;35.52%
Bunker Beasts;3,958;839;67.29;0.02;0.02;1;631;33.03;21.20%
MetaGeckos Genesis;2,628;998;345.50;6.70;0.13;51;319;32.78;37.98%
TheTigersGuild;2,675;874;0;0;0;0;584;32.46;32.67%
Lonely Planet Space Observatory;4,880;2,402;11.39;0.01;0.00;3;543;32.45;49.22%
Metti Landscape;1,920;650;54.72;0.12;0.03;3;272;31.91;33.85%
Wannabes Music Club;2,343;851;0;0;0;0;600;30.81;36.32%
Baby Apes Rescue (BAR);2,500;1,011;62.11;0.17;0.02;7;429;30.69;40.44%
SingularityHeroes;1,882;663;0;0;0;0;537;30.69;35.23%
Minimints;10,000;627;25.50;0.01;0.00;2;966;30.55;6.27%
The Wild Ape Gang - Official;2,516;1,416;69.76;0.42;0.03;15;455;30.44;56.28%
3NTITY-8PIRIT G3NERATION;2,185;794;88.27;0.40;0.04;10;431;30.04;36.34%
Rich Gator Golf Club;2,222;1,143;59.84;0.59;0.03;22;1,008;29.97;51.44%
Potato Power Club;4,329;1,129;86.58;0.02;0.02;1;780;29.86;26.08%
MetaGuardians: Villains;10,000;3,093;338.98;3.32;0.03;98;770;29.01;30.93%
Sonar Moji;3,380;957;112.59;0.33;0.03;10;260;28.72;28.31%
Superballs;2,560;775;60.25;0.26;0.02;11;747;28.69;30.27%
Crypto Tuners;5,000;1,277;10.00;0.00;0.00;1;883;28.17;25.54%
Muttniks;1,069;449;37.42;0.11;0.03;3;256;27.85;42.00%
Typical Tigers;3,900;1,382;234.90;12.23;0.06;203;448;27.72;35.44%
The Nemesis Companions;5,467;1,341;121.34;0.04;0.02;2;638;27.09;24.53%
WOBBLE BUG;1,250;619;122.00;0.49;0.10;5;200;26.96;49.52%
CyberPunkA12;3,366;819;0;0;0;1;779;26.81;24.33%
AmeegosOfficialNFT;1,356;550;0;0;0;0;431;26.55;40.56%
Etherminators;3,368;1,456;237.49;8.25;0.07;117;434;26.37;43.23%
PxlFangs;4,801;2,356;245.21;4.44;0.05;87;662;26.08;49.07%
Fast Food Doge NFT;1,695;718;35.46;0.31;0.02;15;492;26.02;42.36%
Wild Stag Treehouse;10,012;371;149.68;0.03;0.01;2;979;25.90;3.71%
Kangaroo Heroes Founders;1,400;658;458.89;13.11;0.33;40;140;25.35;47.00%
Creative Art Quest;600;220;6.00;0.01;0.01;1;292;24.86;36.67%
Delectables by Foodmasku;2,000;1,026;108.67;0.49;0.05;9;219;24.84;51.30%
Rare Shoe;2,327;1,040;81.05;0.87;0.03;25;430;24.64;44.69%
Ugly Cuties Art Club (UCAC);9,980;173;0;0;0;0;417;24.40;1.73%
Vegiemon;9,996;1,261;0.48;0.00;0.00;21;1,692;24.36;12.62%
Universal Soldiers;1,234;129;58.82;0.14;0.05;3;272;23.29;10.45%
PogPunks NFT;2,971;1,079;93.40;0.35;0.03;11;467;23.16;36.32%
Stranger EggZ;4,175;791;3.67;0.02;0.00;25;416;22.10;18.95%
Thug Pugs;1,250;648;35.31;0.11;0.03;4;239;21.60;51.84%
Roaring Roccstars (Official);2,149;627;721.86;7.73;0.34;23;155;21.37;29.18%
Wall Street Chads;2,176;1,028;253.90;4.43;0.12;38;247;19.38;47.24%
Long Neckie Fellas;3,333;1,235;98.60;2.31;0.03;78;397;18.94;37.05%
OG Cats;1,000;402;160.55;1.77;0.16;11;174;18.31;40.20%
Raccoons Club;1,262;449;12.62;0.01;0.01;1;316;18.16;35.58%
The Vogu MUTTS;5,627;1,787;56.27;0.05;0.01;5;235;17.36;31.76%
Radioactive Punks;1,605;487;20.87;0.04;0.01;3;314;16.99;30.34%
World of Freight;2,297;652;107.96;0.42;0.05;9;168;15.51;28.38%
Crypto Squatches;2,138;551;56.73;0.37;0.03;14;268;15.21;25.77%
The Graveyard Sale;1,319;594;0;0;0;0;270;14.74;45.03%
The Great Brains Club;2,007;738;20.07;0.01;0.01;1;246;14.67;36.77%
Skvllpvnkz Daycare;2,572;1,023;119.21;1.39;0.05;30;236;14.60;39.77%
We Are Satoshis NFT Collection;1,024;402;75.88;0.74;0.07;10;139;13.76;39.26%
The Nanoz;437;95;9.53;0.24;0.02;11;379;13.44;21.74%
AnimalWorldWar;1,728;577;8.64;0.01;0.01;1;297;13.34;33.39%
Mutant Ape Pixel Club;105;66;12.60;0.12;0.12;1;134;13.33;62.86%
Bufficorn Buidl Brigade;3,917;1,629;517.91;1.19;0.13;9;79;12.99;41.59%
Cyber Zombie Society;1,020;379;0.51;0.01;0.00;20;176;12.28;37.16%
Oddball Club (Official);2,326;836;7.95;0.04;0.00;12;378;12.24;35.94%
Sliderverse by Che-Yu Wu x White Castle;1,260;533;90.54;1.08;0.07;15;96;11.85;42.30%
PineapplesDayOut;5,000;1,292;50.00;0.03;0.01;3;498;11.82;25.84%
Barn Owlz Dino Palz;2,014;836;100.70;0.05;0.05;1;158;11.47;41.51%
Posh Pandas;1,467;495;0.29;0.00;0.00;1;364;11.23;33.74%
MaestroPups;3,000;717;0.67;0.00;0.00;9;669;11.13;23.90%
MetaFans Genesis Collection;2,121;742;212.33;3.20;0.10;32;139;10.88;34.98%
Evil Teddy Bear Club;4,093;1,029;25.30;0.07;0.01;11;314;10.71;25.14%
Shaggy Sheep;2,444;708;0;0;0;0;304;10.52;28.97%
Kokeshi World;1,941;652;0;0;0;0;233;10.01;33.59%
Altdoges;227;43;10.78;0;0.05;0;84;9.84;18.94%
Pudgy Pixel Gang;8,780;302;87.80;0.02;0.01;2;511;9.66;3.44%
Chimp Club Official;1,815;619;58.43;0.64;0.03;20;198;9.09;34.10%
3D Martians;2,219;854;0;0;0;0;112;9.00;38.49%
Sodabits;1,000;300;5.00;0.01;0.01;2;724;8.10;30.00%
Big Brain Society;6,000;1,819;59.23;0.07;0.01;7;246;8.08;30.32%
Look At My Raccoon;4,332;623;83.24;0.13;0.02;7;177;7.91;14.38%
Universe in a Cube. Cubes;3,507;1,092;0;0;0;0;284;7.88;31.14%
ApeOnly Island;2,914;736;33.51;0.05;0.01;4;239;7.77;25.26%
Moons of Mars: TheFatedRenegades;2,400;566;195.59;7.01;0.08;86;88;7.37;23.58%
NFTBOY: Bored Ape Racers;2,775;889;24.97;0.01;0.01;1;192;7.10;32.04%
Apex Optimizers Official;739;353;143.74;4.47;0.19;23;49;6.99;47.77%
DireWolves V2;1,142;325;0;0;0;1;90;6.98;28.46%
Leatherfaces;905;364;32.13;0.08;0.04;2;53;6.92;40.22%
THE SHRUNKENHEADZ;10,026;89;250.65;0.03;0.03;1;197;6.73;0.89%
Infinity Headset Genesis;491;155;0;0;0;0;18;6.69;31.57%
Cybergoats;1,000;374;53.53;0.96;0.05;18;62;6.61;37.40%
Astrohedz;2,019;572;33.31;0.03;0.02;2;267;6.60;28.33%
Lysergic Labs Acidheadz;2,690;807;56.90;1.12;0.02;53;199;6.40;30.00%
Sers;1,159;561;0;0;0;0;67;6.04;48.40%
Soulcops;2,224;404;177.92;0.08;0.08;1;48;5.97;18.17%
CryptoPugsNFT;753;349;22.34;0.09;0.03;3;92;5.82;46.35%
Baby Girls Ape Club;1,289;609;81.85;3.81;0.06;60;96;5.54;47.25%
EGGTOMATONS;1,111;378;25.18;0.07;0.02;3;87;5.46;34.02%
Cryptinies;1,615;583;323.00;1.00;0.20;5;269;5.24;36.10%
ScoopDog Squad;664;273;9.30;0.03;0.01;2;96;4.95;41.11%
The Nifty Way Galaxy;4,019;2,216;433.55;0.86;0.11;8;47;4.89;55.14%
CRYPPO;2,230;486;71.36;0.06;0.03;2;54;4.76;21.79%
DogePirates;1,077;400;18.85;0.07;0.02;4;109;4.72;37.14%
SuburbanColors;1,021;404;51.00;2.15;0.05;43;89;4.71;39.57%
Meeples Gang;729;325;13.12;0.02;0.02;1;64;4.12;44.58%
Enlightened Apez Saturn Club;1,669;516;41.73;0.05;0.03;2;104;3.83;30.92%
HodlHeads;812;218;4.06;0.01;0.01;2;77;3.83;26.85%
Neand Nation;1,000;376;46.40;0.74;0.05;16;71;3.69;37.60%
The CryptoPoops;1,370;378;0;0;0;0;81;3.58;27.59%
Canine Country Club;2,530;444;0;0;0;0;222;3.48;17.55%
Metagreys;440;245;44.67;2.94;0.10;29;37;3.34;55.68%
Dizzy Demons;1,625;527;48.13;1.16;0.03;39;99;3.03;32.43%
Dapper Space Collective;521;201;26.05;0;0.05;0;82;2.93;38.58%
DERPYS;2,923;483;0;0;0;0;124;2.82;16.52%
LoopyCups;3,272;1,026;4.09;0.01;0.00;8;99;2.71;31.36%
Robotars;2,621;412;52.49;0.46;0.02;23;141;2.69;15.72%
The Robots World 2nd Generation;261;36;2.61;0.01;0.01;1;43;2.61;13.79%
Catctus Collectibles;781;246;0;0;0;1;73;2.47;31.50%
CryptoFinney;735;220;0;0;0;0;44;2.39;29.93%
AlEx The Alkimist;1,276;276;255.20;0.20;0.20;1;6;2.33;21.63%
KNEECAPs;1,143;258;11.05;0.03;0.01;3;83;2.27;22.57%
Pixel Aliens by Serpentipity;355;207;24.55;2.01;0.07;29;29;2.01;58.31%
TradeSquads;590;241;47.20;0.08;0.08;1;50;2.00;40.85%
French Fellas;766;314;164.50;0.86;0.21;4;11;1.76;40.99%
MojiBots;326;104;1.47;0.00;0.00;1;35;0.89;31.90%
