totalSupply;owners;estimatedMarketCap;volume_7d;avg_price_7d;sales_7d;sales_all_time;volume_all_time;owners_percentage;ClusterId
9999.0;3329.0;677297.53;3860.98;67.74;57.0;18564.0;783815.61;33.29;1
10000.0;6145.0;945868.91;12201.71;94.59;129.0;24017.0;328387.54;61.45;2
17789.0;11438.0;326761.39;9698.69;18.37;528.0;23697.0;196088.06;64.3;3
19999.0;5664.0;109106.53;1091.12;5.46;200.0;15197.0;81509.42;28.32;4
7779.0;2558.0;21485.48;295.53;2.76;107.0;11056.0;72879.11;32.88;5
9933.0;5097.0;127578.68;2889.88;12.84;225.0;24701.0;72606.91;51.31;6
7024.0;3785.0;22453.24;437.94;3.2;137.0;17187.0;56097.66;53.89;7
9602.0;5327.0;61557.5;1006.51;6.41;157.0;16406.0;51970.42;55.48;8
8887.0;4472.0;13262.01;207.43;1.49;139.0;31938.0;46745.39;50.32;9
7776.0;4252.0;11588.57;543.96;1.49;365.0;17777.0;46213.35;54.68;10
8886.0;5097.0;8945.39;192.28;1.01;191.0;11152.0;45970.82;57.36;11
5000.0;2404.0;52494.62;1721.82;10.5;164.0;5160.0;45652.78;48.08;12
10000.0;5016.0;79375.55;10564.89;7.94;1331.0;21285.0;43237.21;50.16;13
16370.0;5100.0;19305.96;238.23;1.18;202.0;19630.0;41121.36;31.15;14
10255.0;5168.0;155777.03;835.47;15.19;55.0;3484.0;37902.32;50.39;15
10000.0;5572.0;20478.16;339.94;2.05;166.0;17384.0;26442.18;55.72;16
9999.0;3544.0;69226.3;3967.06;6.92;573.0;17785.0;26394.2;35.44;17
14756.0;4466.0;39548.41;2739.12;2.68;1022.0;17480.0;23953.56;30.27;18
8888.0;3449.0;59304.59;1107.62;6.67;166.0;17249.0;22770.27;38.81;19
10080.0;5014.0;18408.07;469.33;1.83;257.0;23652.0;22249.26;49.74;20
10001.0;3493.0;22540.37;851.94;2.25;378.0;17230.0;20585.32;34.93;21
8888.0;1673.0;7315.24;166.26;0.82;202.0;13768.0;19935.88;18.82;22
3802.0;606.0;65505.45;1860.75;17.23;108.0;3904.0;18555.37;15.94;23
4418.0;2507.0;10070.28;408.01;2.28;179.0;5468.0;18019.41;56.75;24
3000.0;1755.0;19975.73;219.73;6.66;33.0;9301.0;17880.29;58.5;25
9999.0;5119.0;6121.07;350.77;0.61;573.0;19752.0;17867.03;51.2;26
9998.0;3507.0;3142.68;165.02;0.31;525.0;18523.0;17469.22;35.08;27
18772.0;5527.0;24060.33;1497.04;1.28;1168.0;14152.0;16117.27;29.44;28
9997.0;5914.0;26961.84;2009.26;2.7;745.0;21876.0;15921.71;59.16;29
9999.0;945.0;2956.76;44.95;0.3;152.0;21635.0;15787.33;9.45;30
8272.0;4105.0;33845.6;900.15;4.09;220.0;4204.0;15638.64;49.63;31
9997.0;4276.0;21387.56;9586.64;2.14;4481.0;19037.0;15581.61;42.77;32
9997.0;3096.0;30554.26;256.73;3.06;84.0;11957.0;15423.62;30.97;33
9999.0;5070.0;2723.98;67.02;0.27;246.0;17469.0;14487.47;50.71;34
9998.0;6132.0;29882.51;1805.26;2.99;604.0;23026.0;13790.07;61.33;35
9999.0;5536.0;15156.45;1759.84;1.52;1161.0;22505.0;13210.59;55.37;36
10000.0;5071.0;2078.17;28.26;0.21;136.0;18548.0;12854.68;50.71;34
24999.0;8343.0;11562.01;237.26;0.46;513.0;28500.0;12815.32;33.37;38
7000.0;3261.0;1561.27;41.49;0.22;186.0;10434.0;11860.93;46.59;37
9999.0;5066.0;4552.21;120.65;0.46;265.0;20378.0;11763.6;50.67;41
9999.0;3796.0;6692.32;387.52;0.67;579.0;20010.0;11559.03;37.96;41
10000.0;3021.0;21653.49;1164.96;2.17;538.0;18000.0;11383.84;30.21;42
6295.0;352.0;39084.02;341.48;6.21;55.0;1927.0;10902.11;5.59;43
9595.0;6753.0;14675.42;698.98;1.53;457.0;11310.0;10896.14;70.38;44
9999.0;3546.0;11563.94;119.12;1.16;103.0;7476.0;10762.11;35.46;44
9999.0;7680.0;3683.2;61.15;0.37;166.0;14850.0;10722.3;76.81;34
10100.0;4188.0;6667.0;1004.67;0.66;1522.0;18493.0;10607.11;41.47;41
9999.0;4605.0;7182.7;158.04;0.72;220.0;12271.0;10390.16;46.05;37
10000.0;4872.0;15500.39;688.22;1.55;444.0;22607.0;10270.55;48.72;49
9999.0;5288.0;4695.1;210.36;0.47;448.0;17546.0;10260.6;52.89;41
9416.0;2637.0;31567.73;345.31;3.35;103.0;13709.0;9709.19;28.01;33
8888.0;5268.0;12396.29;691.78;1.39;496.0;12495.0;9174.27;59.27;44
7777.0;3911.0;6938.34;122.23;0.89;137.0;14615.0;8955.87;50.29;37
10761.0;4080.0;2004.1;16.2;0.19;87.0;21356.0;8888.49;37.91;40
10000.0;4804.0;1773.33;46.64;0.18;263.0;21815.0;8823.77;48.04;40
8888.0;3591.0;1972.26;25.07;0.22;113.0;10641.0;8607.54;40.4;37
4169.0;1940.0;7381.04;115.08;1.77;65.0;3650.0;8503.05;46.53;45
7777.0;2830.0;1840.18;32.18;0.24;136.0;11623.0;8189.79;36.39;37
9999.0;5319.0;1419.44;15.19;0.14;107.0;14295.0;7800.46;53.2;37
10000.0;4809.0;1369.3;14.93;0.14;109.0;22049.0;7596.43;48.09;40
11304.0;2839.0;3455.53;24.46;0.31;80.0;11252.0;7478.34;25.12;37
10419.0;5124.0;3758.47;99.56;0.36;276.0;9340.0;7339.74;49.18;37
5009.0;1833.0;3184.97;121.45;0.64;191.0;9068.0;7173.68;36.59;37
5555.0;3937.0;5326.98;244.53;0.96;255.0;5651.0;7136.86;70.87;37
7389.0;4631.0;1955.02;26.19;0.26;99.0;12757.0;7128.21;62.67;37
10126.0;2618.0;15560.2;339.6;1.54;221.0;15311.0;6639.83;25.85;44
10000.0;5075.0;11030.98;2406.96;1.1;2182.0;15456.0;6382.95;50.75;44
10000.0;1766.0;11237.2;44.95;1.12;40.0;6903.0;6326.33;17.66;44
11600.0;4355.0;2079.4;26.35;0.18;147.0;10910.0;6255.37;37.54;37
11106.0;5215.0;3611.7;92.68;0.33;285.0;12455.0;6037.09;46.96;37
10000.0;3712.0;138.51;1.32;0.01;95.0;15438.0;6033.42;37.12;47
2077.0;679.0;3461.67;5.0;1.67;3.0;3103.0;6003.16;32.69;45
9994.0;4505.0;1915.94;16.68;0.19;87.0;13127.0;5866.98;45.08;47
9999.0;3768.0;3616.57;36.53;0.36;101.0;13490.0;5861.18;37.68;37
9900.0;3333.0;11375.58;479.15;1.15;417.0;12106.0;5768.6;33.67;44
9668.0;3885.0;11592.09;693.03;1.2;578.0;11936.0;5559.83;40.18;44
9599.0;4871.0;4531.61;232.27;0.47;492.0;15712.0;5535.56;50.74;47
9500.0;2978.0;13697.75;1300.57;1.44;902.0;15391.0;5417.37;31.35;44
9999.0;3292.0;867.27;8.33;0.09;96.0;16518.0;5374.84;32.92;47
10001.0;3932.0;1035.46;12.53;0.1;121.0;15761.0;5308.57;39.32;47
10000.0;3063.0;2645.8;25.93;0.26;98.0;15183.0;5116.74;30.63;47
8929.0;3012.0;1245.18;15.2;0.14;109.0;14779.0;5081.88;33.73;47
2990.0;1834.0;3673.96;54.07;1.23;44.0;4833.0;5048.61;61.34;45
8888.0;4200.0;2653.34;91.65;0.3;307.0;17556.0;5019.84;47.25;47
10000.0;3186.0;5357.62;251.81;0.54;470.0;15343.0;4961.47;31.86;47
9997.0;4781.0;5258.79;374.01;0.53;711.0;15779.0;4919.79;47.82;47
9999.0;1933.0;6339.01;150.25;0.63;237.0;18519.0;4886.42;19.33;41
10000.0;1647.0;1384.37;5.12;0.14;37.0;15355.0;4832.74;16.47;47
5200.0;1559.0;4632.7;93.54;0.89;105.0;6852.0;4725.75;29.98;45
9993.0;3838.0;3454.65;35.95;0.35;104.0;7460.0;4640.64;38.41;46
11110.0;5965.0;3147.4;69.97;0.28;247.0;18707.0;4607.81;53.69;40
6966.0;3911.0;6147.4;504.78;0.88;572.0;10204.0;4553.57;56.14;37
9998.0;3367.0;15289.06;211.03;1.53;138.0;14024.0;4511.68;33.68;44
9972.0;4392.0;2574.53;60.15;0.26;233.0;11543.0;4251.42;44.04;47
25426.0;4957.0;7394.78;226.56;0.29;779.0;10362.0;4177.02;19.5;48
9999.0;5082.0;1122.88;21.56;0.11;192.0;12333.0;4117.99;50.83;47
8888.0;4283.0;2718.85;48.64;0.31;159.0;13076.0;4070.79;48.19;47
1000.0;345.0;358.33;2.15;0.36;6.0;2789.0;3950.21;34.5;0
10000.0;3807.0;3875.82;670.13;0.39;1729.0;14233.0;3835.66;38.07;47
9999.0;1605.0;3692.99;30.65;0.37;83.0;10571.0;3706.24;16.05;47
8128.0;3922.0;3954.03;346.37;0.49;712.0;6882.0;3673.32;48.25;46
9971.0;4140.0;365.23;0.99;0.04;27.0;15083.0;3649.71;41.52;47
8888.0;3696.0;1183.87;8.52;0.13;64.0;16167.0;3644.82;41.58;47
10000.0;4227.0;2942.95;61.21;0.29;208.0;11394.0;3547.82;42.27;47
9900.0;4251.0;1241.56;7.65;0.13;61.0;27351.0;3547.07;42.94;40
4950.0;2078.0;998.93;32.29;0.2;160.0;6289.0;3512.5;41.98;45
10000.0;5533.0;6168.58;885.19;0.62;1435.0;15093.0;3499.58;55.33;47
9000.0;2970.0;1486.56;42.95;0.17;260.0;14430.0;3497.04;33.0;47
2914.0;1951.0;5725.6;137.54;1.96;70.0;2212.0;3490.22;66.95;45
9271.0;4007.0;701.81;14.69;0.08;194.0;12354.0;3406.3;43.22;47
4040.0;2182.0;1622.26;78.7;0.4;196.0;9046.0;3273.66;54.01;45
10000.0;3937.0;964.71;203.17;0.1;2106.0;12003.0;3180.56;39.37;47
10000.0;1554.0;5619.7;11.24;0.56;20.0;2660.0;3150.09;15.54;39
9998.0;3800.0;410.11;2.99;0.04;73.0;14664.0;3122.69;38.01;47
8131.0;4702.0;2582.93;27.0;0.32;85.0;5673.0;3087.03;57.83;46
10000.0;3841.0;1858.95;15.06;0.19;81.0;7067.0;3084.35;38.41;46
9999.0;3842.0;1368.15;33.25;0.14;243.0;15336.0;2995.55;38.42;47
10100.0;2777.0;1192.66;15.59;0.12;132.0;10561.0;2963.05;27.5;47
9696.0;3361.0;1732.1;13.04;0.18;73.0;9024.0;2932.59;34.66;46
8887.0;3729.0;2064.28;181.18;0.23;780.0;16317.0;2892.14;41.96;47
6996.0;3665.0;922.58;32.57;0.13;247.0;11183.0;2862.01;52.39;47
2499.0;947.0;1089.33;18.31;0.44;42.0;4399.0;2857.22;37.9;45
16383.0;1942.0;1334.12;8.06;0.08;99.0;7902.0;2854.13;11.85;48
15777.0;7025.0;299.34;1.46;0.02;77.0;15495.0;2832.87;44.53;47
9997.0;3304.0;1373.21;237.09;0.14;1726.0;7796.0;2763.63;33.05;46
10000.0;3561.0;1441.56;25.37;0.14;176.0;10008.0;2740.26;35.61;46
9983.0;3663.0;681.43;7.92;0.07;116.0;10809.0;2732.31;36.69;47
12441.0;3431.0;553.67;2.98;0.04;67.0;13836.0;2692.69;27.58;47
16273.0;5615.0;2282.28;78.4;0.14;559.0;11873.0;2626.04;34.51;48
10000.0;3029.0;3232.35;15.84;0.32;49.0;8694.0;2603.09;30.29;46
9670.0;3460.0;3282.06;426.3;0.34;1256.0;12264.0;2576.11;35.78;47
9998.0;5459.0;1041.67;26.46;0.1;254.0;16531.0;2574.84;54.6;47
7518.0;2834.0;2359.99;61.84;0.31;197.0;15892.0;2555.22;37.7;47
6271.0;1927.0;316.42;3.53;0.05;70.0;10991.0;2526.49;30.73;47
7132.0;2981.0;851.16;7.04;0.12;59.0;11353.0;2513.35;41.8;47
9860.0;4333.0;151.88;0.46;0.02;30.0;13778.0;2502.01;43.95;47
9999.0;5094.0;1186.89;20.77;0.12;175.0;12327.0;2445.23;50.95;47
6000.0;2423.0;704.64;12.68;0.12;108.0;9972.0;2435.57;40.38;46
7981.0;3008.0;579.06;6.24;0.07;86.0;11203.0;2363.43;37.69;47
9999.0;2821.0;1936.66;18.79;0.19;97.0;11531.0;2349.51;28.21;47
5280.0;1215.0;3803.18;82.11;0.72;114.0;4160.0;2347.84;23.01;45
6998.0;3820.0;2492.24;1215.85;0.36;3414.0;7059.0;2338.26;54.59;46
6993.0;2175.0;144.23;0.17;0.02;8.0;9190.0;2321.24;31.1;46
5015.0;1609.0;1541.86;54.42;0.31;177.0;5277.0;2313.26;32.08;45
3334.0;1810.0;3133.92;498.19;0.94;530.0;5681.0;2303.1;54.29;45
5000.0;3523.0;2398.33;1004.9;0.48;2095.0;4177.0;2276.49;70.46;45
11953.0;5145.0;2783.26;73.58;0.23;316.0;7303.0;2267.82;43.04;46
9999.0;3086.0;2355.87;54.43;0.24;231.0;9708.0;2266.77;30.86;46
9996.0;3701.0;1939.52;27.94;0.19;144.0;15170.0;2263.92;37.02;47
9849.0;2884.0;2047.05;63.6;0.21;306.0;10578.0;2225.32;29.28;47
2891.0;1858.0;4057.92;89.83;1.4;64.0;2079.0;2196.14;64.27;45
1848.0;1335.0;1160.37;120.56;0.63;192.0;1973.0;2156.53;72.24;0
5762.0;2040.0;323.73;1.01;0.06;18.0;8122.0;2144.71;35.4;46
7976.0;3365.0;556.65;3.28;0.07;47.0;9724.0;2131.19;42.19;46
512.0;282.0;756.74;7.39;1.48;5.0;988.0;2119.56;55.08;0
9999.0;2218.0;987.48;5.33;0.1;54.0;7355.0;2095.47;22.18;46
9999.0;4378.0;1783.71;329.13;0.18;1845.0;9870.0;2028.36;43.78;46
6899.0;1348.0;3010.23;138.32;0.44;317.0;3277.0;2023.86;19.54;45
3333.0;1161.0;8632.9;139.87;2.59;54.0;2852.0;2023.53;34.83;45
9999.0;2611.0;2427.45;253.69;0.24;1045.0;6722.0;2016.14;26.11;46
3372.0;1536.0;4559.76;16.23;1.35;12.0;815.0;2008.97;45.55;0
7888.0;4375.0;3357.4;397.12;0.43;933.0;4802.0;1971.62;55.46;46
9999.0;3958.0;489.21;6.9;0.05;141.0;12382.0;1957.46;39.58;47
1111.0;684.0;2011.64;126.75;1.81;70.0;1354.0;1944.88;61.57;0
4201.0;1705.0;476.72;2.5;0.11;22.0;5253.0;1925.59;40.59;45
3350.0;1652.0;911.06;17.41;0.27;64.0;7593.0;1819.18;49.31;45
10000.0;3507.0;2692.14;65.15;0.27;242.0;11204.0;1817.35;35.07;47
10000.0;3890.0;282.83;1.13;0.03;40.0;10371.0;1799.25;38.9;46
10000.0;4279.0;978.02;14.28;0.1;146.0;10127.0;1799.12;42.79;46
9998.0;2665.0;567.16;3.57;0.06;63.0;9472.0;1788.14;26.66;46
8887.0;2759.0;791.32;1.16;0.09;12.0;7167.0;1785.65;31.05;46
7568.0;2315.0;143.65;0.3;0.02;16.0;6853.0;1783.47;30.59;46
8857.0;2620.0;4608.03;277.82;0.52;534.0;6956.0;1778.2;29.58;46
5974.0;2480.0;10415.49;174.35;1.74;100.0;902.0;1772.74;41.51;45
7170.0;2482.0;21146.3;247.74;2.95;84.0;1830.0;1771.46;34.62;44
7999.0;2930.0;1287.81;11.43;0.16;71.0;9127.0;1759.6;36.63;46
8478.0;3272.0;2350.05;63.75;0.28;230.0;3808.0;1758.45;38.59;39
5555.0;1803.0;2421.9;35.75;0.44;82.0;5548.0;1730.07;32.46;45
5000.0;1606.0;1168.31;22.43;0.23;96.0;6339.0;1723.44;32.12;45
10000.0;3643.0;598.86;2.63;0.06;44.0;11923.0;1722.09;36.43;47
8888.0;4002.0;763.21;8.59;0.09;100.0;6222.0;1703.08;45.03;46
8887.0;3529.0;1273.06;65.75;0.14;459.0;10191.0;1697.28;39.71;46
10000.0;4689.0;2040.09;301.12;0.2;1476.0;10372.0;1677.8;46.89;47
4441.0;2602.0;3447.78;255.42;0.78;329.0;5683.0;1669.78;58.59;45
3000.0;1829.0;590.79;38.99;0.2;198.0;6629.0;1633.7;60.97;45
6076.0;3116.0;1828.56;5.72;0.3;19.0;4485.0;1559.67;51.28;45
4421.0;1720.0;116.58;0.45;0.03;17.0;4966.0;1558.94;38.91;45
9997.0;5716.0;1622.43;51.45;0.16;317.0;6225.0;1554.63;57.18;46
8080.0;4123.0;1861.47;102.98;0.23;447.0;6981.0;1554.31;51.03;46
5500.0;1914.0;825.36;7.35;0.15;49.0;7069.0;1548.77;34.8;45
9999.0;3278.0;382.51;1.8;0.04;47.0;7114.0;1540.87;32.78;46
8887.0;6203.0;1710.65;100.09;0.19;520.0;9080.0;1533.6;69.8;46
10000.0;3508.0;1176.09;16.94;0.12;144.0;12322.0;1533.54;35.08;47
1978.0;958.0;70.71;0.14;0.04;4.0;2602.0;1530.02;48.43;0
10000.0;4383.0;1576.95;277.54;0.16;1760.0;11921.0;1515.41;43.83;47
9899.0;3928.0;165.09;0.75;0.02;45.0;11570.0;1515.36;39.68;47
10000.0;3823.0;274.2;1.1;0.03;40.0;11305.0;1511.82;38.23;47
10000.0;3044.0;4799.43;543.3;0.48;1132.0;9343.0;1510.01;30.44;46
3000.0;1850.0;597.91;18.93;0.2;95.0;5469.0;1482.69;61.67;45
9200.0;4912.0;1078.19;47.23;0.12;403.0;10113.0;1480.34;53.39;46
10000.0;3473.0;657.37;7.17;0.07;109.0;12023.0;1468.46;34.73;47
4444.0;2098.0;786.84;45.5;0.18;257.0;6188.0;1463.09;47.21;45
8888.0;2769.0;1849.31;22.26;0.21;107.0;6838.0;1462.94;31.15;46
5937.0;2190.0;701.46;2.36;0.12;20.0;5225.0;1443.09;36.89;45
5362.0;2929.0;574.31;2.89;0.11;27.0;3604.0;1441.04;54.63;45
10000.0;4379.0;840.18;8.65;0.08;103.0;11652.0;1430.85;43.79;47
4469.0;1707.0;123.91;0.42;0.03;15.0;4373.0;1424.47;38.2;45
10000.0;4273.0;1041.21;16.87;0.1;162.0;9995.0;1406.17;42.73;46
9940.0;2940.0;447.68;2.79;0.05;62.0;6296.0;1401.99;29.58;46
10000.0;3140.0;3811.41;128.44;0.38;337.0;5553.0;1401.82;31.4;46
10000.0;3662.0;3138.91;236.05;0.31;752.0;7901.0;1385.24;36.62;46
11110.0;3348.0;1363.28;25.15;0.12;205.0;6871.0;1366.37;30.14;46
8888.0;2701.0;1143.68;18.92;0.13;147.0;9940.0;1365.63;30.39;46
888.0;358.0;717.5;4.85;0.81;6.0;637.0;1341.62;40.32;0
11106.0;4627.0;117.33;0.24;0.01;23.0;7068.0;1330.2;41.66;46
5640.0;2980.0;1242.28;38.33;0.22;174.0;5382.0;1325.54;52.84;45
9999.0;2133.0;336.78;0.74;0.03;22.0;7009.0;1317.06;21.33;46
5555.0;1929.0;440.84;1.75;0.08;22.0;5688.0;1311.61;34.73;45
8736.0;4714.0;873.13;4.1;0.1;41.0;6871.0;1303.62;53.96;46
10000.0;3161.0;1594.99;313.89;0.16;1968.0;10329.0;1294.88;31.61;46
7500.0;2501.0;1582.15;33.33;0.21;158.0;6835.0;1288.04;33.35;46
5000.0;1916.0;142.85;0.57;0.03;20.0;5670.0;1263.05;38.32;45
8888.0;4925.0;2032.63;23.78;0.23;104.0;6408.0;1256.63;55.41;46
5555.0;2708.0;794.21;84.64;0.14;592.0;10002.0;1246.57;48.75;46
9600.0;4141.0;400.25;1.21;0.04;29.0;9595.0;1226.56;43.14;46
10000.0;3069.0;158.53;0.24;0.02;15.0;6867.0;1209.84;30.69;46
11111.0;4030.0;216.28;0.91;0.02;47.0;7571.0;1207.6;36.27;46
6356.0;2115.0;492.26;5.73;0.08;74.0;7625.0;1200.24;33.28;46
9709.0;3967.0;225.36;1.23;0.02;53.0;13624.0;1199.59;40.86;47
10000.0;3777.0;1055.81;39.8;0.11;377.0;8765.0;1186.21;37.77;46
3499.0;1451.0;1772.36;86.62;0.51;171.0;3700.0;1184.51;41.47;45
10000.0;3484.0;603.7;4.17;0.06;69.0;7674.0;1183.98;34.84;46
4998.0;2290.0;1766.99;615.87;0.35;1742.0;4246.0;1182.51;45.82;45
9999.0;3744.0;263.0;1.1;0.03;42.0;10721.0;1180.05;37.44;47
10000.0;3196.0;1413.5;2.83;0.14;20.0;5344.0;1174.27;31.96;46
9966.0;1589.0;1688.03;28.46;0.17;168.0;3827.0;1172.95;15.94;39
8887.0;3416.0;195.07;0.18;0.02;8.0;7717.0;1165.19;38.44;46
3333.0;1554.0;1484.57;159.9;0.45;359.0;4414.0;1162.97;46.62;45
8245.0;1647.0;931.16;4.4;0.11;39.0;6634.0;1146.29;19.98;46
5468.0;1608.0;1561.84;25.14;0.29;88.0;4179.0;1143.69;29.41;45
9999.0;3225.0;1190.28;12.02;0.12;101.0;6089.0;1134.85;32.25;46
8192.0;1833.0;201.41;3.2;0.02;130.0;5079.0;1134.65;22.38;39
512.0;259.0;716.8;1.4;1.4;1.0;572.0;1134.38;50.59;0
7776.0;5105.0;1710.7;1125.95;0.22;5118.0;5118.0;1125.95;65.65;46
10000.0;2183.0;1073.87;107.39;0.11;1000.0;7784.0;1121.17;21.83;46
4998.0;1868.0;741.55;4.75;0.15;32.0;11689.0;1109.65;37.37;47
10000.0;3521.0;1364.54;20.47;0.14;150.0;6904.0;1109.11;35.21;46
10000.0;3845.0;2416.12;40.59;0.24;168.0;4960.0;1093.89;38.45;46
8000.0;2068.0;1048.15;4.72;0.13;36.0;8199.0;1084.99;25.85;46
10000.0;4271.0;1321.91;102.84;0.13;778.0;6485.0;1081.45;42.71;46
5000.0;2584.0;1083.71;55.7;0.22;257.0;6863.0;1063.78;51.68;45
9998.0;3583.0;321.19;0.51;0.03;16.0;10446.0;1060.18;35.84;46
10010.0;2883.0;136.8;0.16;0.01;12.0;6987.0;1045.47;28.8;46
8888.0;2469.0;2137.72;70.47;0.24;293.0;6290.0;1045.23;27.78;46
9090.0;3583.0;388.44;7.44;0.04;174.0;7137.0;1021.76;39.42;46
9029.0;2069.0;81.26;0.03;0.01;3.0;7726.0;1012.63;22.92;46
10000.0;2766.0;211.58;1.1;0.02;52.0;13239.0;1010.18;27.66;47
13337.0;4977.0;1885.51;23.19;0.14;164.0;6647.0;1008.21;37.32;48
3333.0;1528.0;426.7;19.08;0.13;149.0;4389.0;1002.98;45.84;45
9937.0;3797.0;1298.75;52.93;0.13;405.0;10047.0;999.05;38.21;46
9344.0;1535.0;346.1;0.93;0.04;25.0;5194.0;985.43;16.43;39
7805.0;3788.0;804.29;8.45;0.1;82.0;6067.0;978.64;48.53;46
10000.0;3950.0;1792.6;794.48;0.18;4432.0;7020.0;959.89;39.5;46
12012.0;3165.0;979.54;7.42;0.08;91.0;13700.0;945.86;26.35;47
9969.0;4161.0;623.59;23.27;0.06;372.0;8142.0;945.78;41.74;46
9999.0;2912.0;1475.6;8.12;0.15;55.0;3454.0;941.09;29.12;39
10000.0;2646.0;2429.93;44.22;0.24;182.0;5611.0;933.03;26.46;46
10000.0;1285.0;1145.5;2.29;0.11;20.0;4218.0;925.47;12.85;39
4747.0;2100.0;808.86;47.54;0.17;279.0;3703.0;916.94;44.24;45
4998.0;1998.0;425.12;3.66;0.09;43.0;4464.0;913.38;39.98;45
10000.0;3051.0;1551.6;109.39;0.16;705.0;5976.0;910.78;30.51;46
11111.0;1521.0;791.75;1.57;0.07;22.0;8866.0;896.19;13.69;46
10000.0;5206.0;263.86;0.55;0.03;21.0;8763.0;893.45;52.06;46
14219.0;3113.0;414.6;0.96;0.03;33.0;8755.0;889.74;21.89;48
7500.0;2553.0;642.07;1.97;0.09;23.0;6929.0;888.69;34.04;46
9997.0;2522.0;427.19;0.81;0.04;19.0;7517.0;878.17;25.23;46
10000.0;2913.0;91.31;0.29;0.01;32.0;6848.0;876.22;29.13;46
10000.0;2516.0;835.87;9.36;0.08;112.0;8252.0;865.34;25.16;46
10000.0;4284.0;111.87;0.59;0.01;53.0;7577.0;864.06;42.84;46
12345.0;4771.0;346.89;5.09;0.03;181.0;8565.0;863.35;38.65;46
10000.0;3439.0;982.52;19.16;0.1;195.0;7936.0;856.31;34.39;46
2500.0;1298.0;139.62;1.51;0.06;27.0;3637.0;848.09;51.92;45
9999.0;4074.0;311.49;0.9;0.03;29.0;5214.0;846.18;40.74;46
3333.0;1444.0;1002.01;66.74;0.3;222.0;3771.0;824.54;43.32;45
10000.0;2213.0;737.29;4.42;0.07;60.0;6356.0;807.32;22.13;46
8888.0;3183.0;1814.74;80.45;0.2;394.0;6100.0;802.88;35.81;46
6969.0;2618.0;398.59;8.92;0.06;156.0;7468.0;797.46;37.57;46
4953.0;1369.0;1295.14;38.18;0.26;146.0;6163.0;794.65;27.64;45
8589.0;3145.0;192.75;2.02;0.02;90.0;6245.0;786.79;36.62;46
10101.0;4545.0;1208.57;780.47;0.12;6523.0;6523.0;780.47;45.0;46
18636.0;6733.0;1152.31;23.19;0.06;375.0;11576.0;779.43;36.13;48
10000.0;1821.0;2500.62;45.01;0.25;180.0;4167.0;779.3;18.21;39
3623.0;1208.0;1914.76;2.11;0.53;4.0;4259.0;770.75;33.34;45
1753.0;1130.0;234.03;0.8;0.13;6.0;1537.0;769.24;64.46;0
8888.0;2672.0;131.88;0.24;0.01;16.0;7564.0;758.55;30.06;46
11000.0;2743.0;637.88;3.83;0.06;66.0;5125.0;753.18;24.94;46
7626.0;3269.0;118.34;0.42;0.02;27.0;6313.0;749.66;42.87;46
10000.0;3474.0;354.36;3.79;0.04;107.0;8763.0;743.16;34.74;46
10000.0;3422.0;441.39;3.09;0.04;70.0;7447.0;732.88;34.22;46
5000.0;1815.0;156.8;1.57;0.03;50.0;5444.0;726.05;36.3;45
3744.0;2246.0;747.48;28.15;0.2;141.0;3910.0;722.52;59.99;45
9512.0;1896.0;700.85;2.73;0.07;37.0;9201.0;717.49;19.93;46
5555.0;2598.0;2078.48;100.28;0.37;268.0;3158.0;712.86;46.77;45
8885.0;3346.0;131.56;0.41;0.01;28.0;6920.0;707.31;37.66;46
500.0;282.0;520.0;5.2;1.04;5.0;1062.0;704.55;56.4;0
14006.0;4299.0;790.7;17.5;0.06;310.0;6686.0;697.5;30.69;48
5583.0;2374.0;170.35;1.25;0.03;41.0;5246.0;697.13;42.52;45
5536.0;2370.0;452.57;67.36;0.08;824.0;6404.0;694.67;42.81;45
5555.0;2644.0;268.64;4.4;0.05;91.0;7066.0;691.45;47.6;45
7777.0;2525.0;226.35;1.89;0.03;65.0;7258.0;690.73;32.47;46
10000.0;5055.0;875.81;7.09;0.09;81.0;10284.0;684.33;50.55;46
8017.0;3931.0;2508.89;201.22;0.31;643.0;3250.0;667.01;49.03;39
9495.0;3245.0;320.22;1.99;0.03;59.0;4394.0;664.67;34.18;39
10000.0;5574.0;623.14;24.99;0.06;401.0;6386.0;662.3;55.74;46
8888.0;4590.0;157.39;1.04;0.02;59.0;9272.0;659.32;51.64;46
8686.0;2962.0;161.75;0.69;0.02;37.0;5766.0;656.89;34.1;46
10000.0;2239.0;1981.03;128.17;0.2;647.0;4948.0;651.86;22.39;39
5000.0;1282.0;301.38;1.02;0.06;17.0;4773.0;651.49;25.64;45
2500.0;1214.0;131.13;0.68;0.05;13.0;3288.0;644.38;48.56;0
1989.0;594.0;1615.33;633.46;0.81;780.0;845.0;643.22;29.86;0
7500.0;3052.0;451.47;4.7;0.06;78.0;8764.0;643.21;40.69;46
11111.0;2448.0;323.34;5.35;0.03;184.0;6208.0;639.53;22.03;46
5062.0;2454.0;402.93;16.16;0.08;203.0;3298.0;628.32;48.48;45
10000.0;3794.0;513.5;1.34;0.05;26.0;6231.0;627.82;37.94;46
4916.0;2288.0;159.47;1.56;0.03;48.0;2147.0;626.05;46.54;45
5593.0;2110.0;422.83;2.49;0.08;33.0;5764.0;617.33;37.73;45
5849.0;1726.0;264.08;0.18;0.05;4.0;2339.0;611.57;29.51;45
5555.0;3178.0;2060.4;66.76;0.37;180.0;2945.0;600.98;57.21;45
3000.0;1247.0;386.94;1.29;0.13;10.0;5011.0;598.42;41.57;45
4999.0;2635.0;1080.86;588.54;0.22;2722.0;2722.0;588.54;52.71;45
3210.0;1207.0;165.43;1.13;0.05;22.0;3500.0;583.84;37.6;45
23497.0;11551.0;2470.97;1.89;0.11;18.0;3182.0;581.99;49.16;48
3010.0;857.0;301.08;3.6;0.1;36.0;3065.0;580.93;28.47;0
10419.0;2013.0;5.75;0.02;0.0;29.0;5173.0;578.33;19.32;39
7777.0;3104.0;298.84;2.46;0.04;64.0;4552.0;568.03;39.91;39
5000.0;2443.0;1340.77;544.62;0.27;2031.0;2117.0;566.61;48.86;45
8864.0;3885.0;283.57;1.38;0.03;43.0;13834.0;563.05;43.83;47
2700.0;1326.0;136.04;3.78;0.05;75.0;7295.0;560.44;49.11;45
10001.0;3455.0;3320.75;74.71;0.33;225.0;2065.0;559.5;34.55;39
10000.0;3671.0;839.33;23.75;0.08;283.0;7420.0;551.4;36.71;46
9979.0;3306.0;282.26;0.59;0.03;21.0;5395.0;548.63;33.13;46
6968.0;1707.0;1225.52;360.9;0.18;2052.0;4634.0;540.48;24.5;45
14226.0;3962.0;160.35;0.16;0.01;14.0;10185.0;533.81;27.85;48
8001.0;1954.0;324.2;3.48;0.04;86.0;4304.0;529.59;24.42;39
8500.0;2635.0;425.74;1.55;0.05;31.0;7463.0;527.1;31.0;46
5267.0;2097.0;2751.32;100.29;0.52;192.0;1437.0;523.17;39.81;45
9998.0;1878.0;656.32;1.31;0.07;20.0;4678.0;521.57;18.78;39
9997.0;3813.0;159.22;0.4;0.02;25.0;7792.0;520.52;38.14;46
8888.0;3322.0;95.46;0.11;0.01;10.0;5377.0;518.24;37.38;46
3463.0;1556.0;730.45;18.77;0.21;89.0;1577.0;516.14;44.93;0
11111.0;4199.0;2294.37;98.5;0.21;477.0;3285.0;508.43;37.79;39
10000.0;2747.0;110.62;0.19;0.01;17.0;4092.0;506.78;27.47;39
6000.0;2690.0;597.46;8.86;0.1;89.0;2396.0;497.35;44.83;45
7777.0;2827.0;228.94;0.91;0.03;31.0;4524.0;497.24;36.35;39
10000.0;3398.0;443.13;21.58;0.04;487.0;7660.0;495.48;33.98;46
8785.0;6856.0;1203.19;34.65;0.14;253.0;2383.0;491.58;78.04;39
10010.0;2841.0;382.15;3.09;0.04;81.0;5515.0;484.73;28.38;46
10000.0;4543.0;416.04;16.56;0.04;398.0;11540.0;484.69;45.43;47
6969.0;2982.0;616.01;256.16;0.09;2898.0;6109.0;482.25;42.79;46
9999.0;2630.0;432.77;1.9;0.04;44.0;6571.0;480.74;26.3;46
9814.0;3084.0;187.28;0.23;0.02;12.0;4029.0;478.41;31.42;39
3868.0;2169.0;731.82;18.73;0.19;99.0;1994.0;476.71;56.08;0
9999.0;3145.0;310.29;4.13;0.03;133.0;5966.0;473.26;31.45;46
4331.0;1815.0;86.62;0.06;0.02;3.0;3493.0;472.33;41.91;45
11111.0;5912.0;3271.6;164.3;0.29;558.0;1790.0;465.47;53.21;39
9518.0;3925.0;473.31;3.23;0.05;65.0;2274.0;462.11;41.24;39
6000.0;2051.0;174.42;0.99;0.03;34.0;7477.0;460.9;34.18;45
9943.0;3005.0;83.77;0.07;0.01;8.0;6242.0;458.81;30.22;46
2999.0;1076.0;73.01;0.27;0.02;11.0;3071.0;454.63;35.88;0
12115.0;3567.0;362.22;6.58;0.03;220.0;5190.0;447.05;29.44;46
5999.0;2011.0;115.98;0.29;0.02;15.0;5535.0;439.67;33.52;45
8852.0;2431.0;33.8;0.04;0.0;11.0;3638.0;439.32;27.46;39
1000.0;473.0;305.0;2.74;0.3;9.0;2012.0;439.12;47.3;0
10000.0;1202.0;484.0;0.48;0.05;10.0;2031.0;434.57;12.02;39
10000.0;3291.0;185.56;0.3;0.02;16.0;6842.0;432.52;32.91;46
9999.0;4130.0;1935.1;43.74;0.19;226.0;3015.0;425.87;41.3;39
9999.0;2626.0;414.46;0.91;0.04;22.0;6053.0;422.55;26.26;46
9951.0;3235.0;574.28;1.04;0.06;18.0;5682.0;422.05;32.51;46
8888.0;2381.0;697.13;13.57;0.08;173.0;5473.0;421.75;26.79;46
9999.0;2668.0;566.85;2.38;0.06;42.0;3446.0;418.12;26.68;39
10261.0;4439.0;839.34;10.31;0.08;126.0;3123.0;414.73;43.26;39
4801.0;2404.0;106.58;0.11;0.02;5.0;3307.0;412.65;50.07;45
8886.0;2727.0;128.79;1.04;0.01;72.0;6266.0;412.2;30.69;46
10000.0;2456.0;474.7;2.71;0.05;57.0;4949.0;409.27;24.56;39
4946.0;1682.0;127.3;0.21;0.03;8.0;6598.0;404.1;34.01;45
14508.0;4219.0;1603.6;29.07;0.11;263.0;3681.0;400.9;29.08;48
7500.0;1620.0;452.0;10.37;0.06;172.0;5599.0;400.31;21.6;45
5555.0;2460.0;267.47;8.72;0.05;181.0;5248.0;396.27;44.28;45
8293.0;2004.0;866.62;11.5;0.1;110.0;2262.0;393.73;24.16;39
10000.0;3708.0;61.05;0.23;0.01;38.0;4791.0;392.07;37.08;39
5555.0;1977.0;282.83;19.14;0.05;376.0;3204.0;389.88;35.59;45
6966.0;2343.0;244.29;1.72;0.04;49.0;5042.0;389.74;33.63;45
10000.0;3692.0;82.14;0.17;0.01;21.0;6758.0;386.27;36.92;46
8787.0;3549.0;88.41;0.38;0.01;38.0;5262.0;386.01;40.39;46
8915.0;1307.0;323.8;1.05;0.04;29.0;3208.0;384.98;14.66;39
7389.0;3001.0;513.54;0.28;0.07;4.0;4041.0;376.31;40.61;39
3498.0;1387.0;39.04;0.38;0.01;34.0;2752.0;369.61;39.65;0
4444.0;1589.0;2278.84;39.48;0.51;77.0;1391.0;367.46;35.76;0
8000.0;1428.0;492.65;6.84;0.06;111.0;3391.0;366.76;17.85;39
4517.0;1873.0;440.35;6.82;0.1;70.0;2693.0;364.85;41.47;45
8888.0;2208.0;394.69;0.62;0.04;14.0;8798.0;362.18;24.84;46
7676.0;3707.0;247.18;3.45;0.03;107.0;7379.0;361.83;48.29;46
3999.0;1240.0;160.37;1.4;0.04;35.0;3948.0;361.46;31.01;45
555.0;444.0;415.97;17.99;0.75;24.0;299.0;359.48;80.0;0
10000.0;3672.0;187.69;0.24;0.02;13.0;2879.0;348.69;36.72;39
2222.0;1040.0;120.94;0.38;0.05;7.0;3666.0;344.17;46.8;0
9851.0;3411.0;25.39;0.03;0.0;13.0;3901.0;339.09;34.63;39
2188.0;616.0;402.35;12.32;0.18;67.0;1481.0;337.86;28.15;0
10000.0;2421.0;41.68;0.17;0.0;40.0;5763.0;337.31;24.21;46
10000.0;3739.0;115.57;0.16;0.01;14.0;3850.0;332.26;37.39;39
4713.0;1385.0;106.17;0.23;0.02;10.0;5179.0;331.61;29.39;45
10000.0;2493.0;274.7;0.82;0.03;30.0;2687.0;329.07;24.93;39
10000.0;3126.0;252.0;1.29;0.03;51.0;6104.0;328.74;31.26;46
5000.0;1603.0;582.88;40.68;0.12;349.0;4014.0;326.76;32.06;45
5198.0;1575.0;1283.47;51.36;0.25;208.0;2795.0;322.96;30.3;45
3888.0;2556.0;306.57;1.42;0.08;18.0;2284.0;313.18;65.74;45
10000.0;2335.0;246.06;0.39;0.02;16.0;4857.0;313.18;23.35;39
10000.0;4117.0;210.94;1.18;0.02;56.0;5116.0;309.58;41.17;46
10000.0;3064.0;943.58;6.23;0.09;66.0;1918.0;306.67;30.64;39
3331.0;1537.0;49.88;0.18;0.01;12.0;2860.0;304.71;46.14;0
10000.0;2197.0;19.29;0.01;0.0;7.0;6263.0;303.92;21.97;46
7776.0;2494.0;417.74;2.2;0.05;41.0;4085.0;300.42;32.07;39
9999.0;2201.0;18.18;0.02;0.0;11.0;4512.0;299.38;22.01;39
5555.0;2036.0;137.78;0.79;0.02;32.0;3367.0;298.79;36.65;45
11111.0;3040.0;33.46;0.08;0.0;26.0;5953.0;298.15;27.36;46
3010.0;1277.0;71.96;0.29;0.02;12.0;5837.0;295.62;42.43;45
6969.0;2334.0;139.14;0.2;0.02;10.0;3180.0;293.71;33.49;39
3163.0;1154.0;325.54;4.01;0.1;39.0;2330.0;292.85;36.48;0
500.0;180.0;265.63;2.13;0.53;4.0;1073.0;284.99;36.0;0
6000.0;1866.0;330.81;38.87;0.06;705.0;4056.0;284.47;31.1;45
1499.0;710.0;179.53;1.68;0.12;14.0;2048.0;284.44;47.36;0
4211.0;1649.0;526.54;50.52;0.13;404.0;1783.0;284.29;39.16;0
10000.0;2595.0;1181.6;41.83;0.12;354.0;2280.0;283.88;25.95;39
1000.0;488.0;94.96;0.47;0.09;5.0;1292.0;283.6;48.8;0
4000.0;1880.0;904.33;35.95;0.23;159.0;1653.0;281.55;47.0;0
9999.0;2637.0;410.99;1.52;0.04;37.0;4009.0;280.88;26.37;39
777.0;488.0;25.77;0.27;0.03;8.0;705.0;277.33;62.81;0
10000.0;2709.0;329.72;1.29;0.03;39.0;5762.0;276.62;27.09;46
3144.0;1295.0;545.02;137.12;0.17;791.0;3060.0;276.51;41.19;45
5002.0;1969.0;311.24;1.06;0.06;17.0;4529.0;272.93;39.36;45
9999.0;2781.0;393.29;0.12;0.04;3.0;4096.0;272.82;27.81;39
9196.0;2409.0;124.4;1.39;0.01;103.0;2135.0;271.5;26.2;39
10000.0;3108.0;23.33;0.01;0.0;6.0;4702.0;271.15;31.08;39
10000.0;1674.0;1135.07;7.83;0.11;69.0;1749.0;269.99;16.74;39
10000.0;1153.0;320.0;0.13;0.03;4.0;8832.0;266.24;11.53;46
7777.0;3546.0;113.74;0.35;0.01;24.0;3626.0;263.82;45.6;39
4444.0;2120.0;944.84;38.48;0.21;181.0;1681.0;262.93;47.7;0
9999.0;2473.0;138.75;0.29;0.01;21.0;4075.0;259.66;24.73;39
10000.0;2456.0;94.73;0.1;0.01;11.0;6220.0;257.16;24.56;46
1111.0;540.0;120.53;3.69;0.11;34.0;925.0;252.63;48.6;0
1512.0;703.0;399.19;43.56;0.26;165.0;1105.0;251.44;46.49;0
939.0;508.0;55.4;0.24;0.06;4.0;2354.0;250.91;54.1;0
4096.0;1577.0;32.77;0.01;0.01;1.0;2953.0;250.65;38.5;45
8050.0;1642.0;18.4;0.02;0.0;7.0;2579.0;246.81;20.4;39
1074.0;474.0;13.42;0.1;0.01;8.0;2475.0;244.42;44.13;0
3901.0;967.0;77.16;0.1;0.02;5.0;7197.0;242.26;24.79;45
960.0;192.0;120.0;0.25;0.13;2.0;664.0;239.72;20.0;0
4445.0;1204.0;269.12;0.67;0.06;11.0;2318.0;238.57;27.09;45
8888.0;2798.0;317.85;1.86;0.04;52.0;2431.0;235.92;31.48;39
8888.0;2057.0;414.09;8.76;0.05;188.0;2817.0;235.56;23.14;39
11999.0;4028.0;766.95;18.41;0.06;288.0;2738.0;233.74;33.57;39
4120.0;1542.0;1222.35;6.82;0.3;23.0;822.0;232.03;37.43;0
5555.0;1919.0;1334.17;1.92;0.24;8.0;1342.0;231.6;34.55;45
9132.0;2905.0;54.49;0.02;0.01;3.0;3767.0;231.24;31.81;39
1001.0;475.0;153.04;5.05;0.15;33.0;1850.0;229.0;47.45;0
9999.0;3080.0;315.72;5.65;0.03;179.0;4306.0;226.32;30.8;39
1180.0;511.0;23.6;0.02;0.02;1.0;1248.0;223.97;43.31;0
4091.0;2229.0;903.57;20.1;0.22;91.0;1048.0;216.54;54.49;0
4329.0;2159.0;329.26;4.49;0.08;59.0;1145.0;216.3;49.87;0
9000.0;2940.0;694.8;4.32;0.08;56.0;2874.0;215.19;32.67;39
9999.0;2503.0;449.07;1.53;0.04;34.0;1735.0;213.01;25.03;39
6000.0;2094.0;350.68;54.65;0.06;935.0;2744.0;212.98;34.9;45
11358.0;2215.0;293.32;0.31;0.03;12.0;2382.0;212.92;19.5;39
6969.0;3102.0;199.71;1.55;0.03;54.0;3115.0;212.69;44.51;39
3608.0;1739.0;272.79;6.05;0.08;80.0;1738.0;210.66;48.2;0
2913.0;994.0;187.78;2.58;0.06;40.0;2666.0;209.78;34.12;0
7714.0;2462.0;557.14;2.89;0.07;40.0;1531.0;208.61;31.92;39
8271.0;2194.0;182.71;0.24;0.02;11.0;3483.0;208.29;26.53;39
8001.0;1765.0;1112.15;11.95;0.14;86.0;1559.0;204.13;22.06;39
10000.0;1812.0;365.0;0.88;0.04;24.0;1697.0;203.52;18.12;39
10005.0;3221.0;46.12;0.05;0.0;10.0;2793.0;202.83;32.19;39
7587.0;1334.0;640.95;7.35;0.08;87.0;1813.0;202.6;17.58;39
1010.0;588.0;93.8;0.37;0.09;4.0;2229.0;198.58;58.22;0
4161.0;870.0;580.46;1.26;0.14;9.0;1792.0;197.07;20.91;0
3333.0;1632.0;56.14;1.21;0.02;72.0;4288.0;194.54;48.96;45
1000.0;429.0;153.62;1.23;0.15;8.0;1642.0;189.21;42.9;0
7006.0;2329.0;330.99;0.76;0.05;16.0;2000.0;182.23;33.24;39
3566.0;2038.0;1199.51;14.8;0.34;44.0;789.0;180.75;57.15;0
582.0;127.0;162.96;1.12;0.28;4.0;450.0;180.29;21.82;0
9998.0;3173.0;467.35;18.56;0.05;397.0;3077.0;179.61;31.74;39
10000.0;3268.0;300.09;0.99;0.03;33.0;2718.0;179.22;32.68;39
6000.0;1374.0;998.75;41.95;0.17;252.0;1259.0;179.11;22.9;45
2538.0;977.0;91.04;0.36;0.04;10.0;754.0;178.52;38.49;0
5000.0;1742.0;38.5;0.04;0.01;5.0;3534.0;178.35;34.84;45
10000.0;3698.0;88.82;0.15;0.01;17.0;2614.0;178.27;36.98;39
8888.0;3585.0;335.71;1.17;0.04;31.0;3229.0;178.22;40.34;39
10000.0;4118.0;2109.34;8.65;0.21;41.0;810.0;177.74;41.18;39
5328.0;1879.0;49.36;0.1;0.01;11.0;7547.0;173.49;35.27;45
9970.0;6909.0;352.7;0.42;0.04;12.0;3884.0;173.36;69.3;39
6967.0;1822.0;471.09;10.01;0.07;148.0;2022.0;170.35;26.15;39
10000.0;4856.0;1546.5;29.38;0.15;190.0;1077.0;168.21;48.56;39
5123.0;1679.0;474.85;106.59;0.09;1150.0;1813.0;167.01;32.77;45
10000.0;2240.0;102.0;0.1;0.01;10.0;2884.0;164.81;22.4;39
10000.0;2929.0;587.63;2.53;0.06;43.0;1316.0;163.16;29.29;39
3126.0;961.0;251.45;2.9;0.08;36.0;1331.0;161.82;30.74;0
10003.0;2057.0;100.15;0.7;0.01;70.0;4095.0;161.76;20.56;39
6876.0;2086.0;415.65;3.02;0.06;50.0;1332.0;159.8;30.34;39
5669.0;2737.0;198.98;0.39;0.04;11.0;1562.0;159.24;48.28;45
9843.0;1863.0;615.39;3.0;0.06;48.0;2592.0;156.55;18.93;39
10000.0;2188.0;126.23;0.1;0.01;8.0;3178.0;155.18;21.88;39
4476.0;1684.0;780.83;137.47;0.17;788.0;1009.0;154.87;37.62;0
3647.0;811.0;328.23;0.09;0.09;1.0;857.0;154.2;22.24;0
3333.0;1041.0;78.31;1.36;0.02;58.0;2026.0;153.95;31.23;0
5000.0;2046.0;90.2;1.05;0.02;58.0;1780.0;152.99;40.92;45
727.0;306.0;17.45;0.02;0.02;1.0;1232.0;152.63;42.09;0
7776.0;1974.0;63.32;0.05;0.01;5.0;2631.0;151.86;25.39;39
10000.0;1465.0;30.0;0.01;0.0;3.0;2076.0;150.53;14.65;39
999.0;291.0;65.27;0.2;0.07;3.0;1518.0;149.52;29.13;0
10000.0;1695.0;1443.49;46.05;0.14;319.0;1655.0;148.64;16.95;39
10000.0;3744.0;449.24;1.3;0.04;29.0;1349.0;147.11;37.44;39
9944.0;2082.0;107.12;0.19;0.01;18.0;4378.0;145.93;20.94;39
7000.0;2154.0;277.49;5.19;0.04;131.0;1873.0;145.87;30.77;39
5503.0;1988.0;319.14;32.07;0.06;553.0;2333.0;145.08;36.13;45
8888.0;2218.0;553.54;1.56;0.06;25.0;2326.0;141.06;24.95;39
6908.0;1611.0;850.75;8.74;0.12;71.0;827.0;141.03;23.32;39
4777.0;3201.0;137.66;1.24;0.03;43.0;1250.0;140.3;67.01;0
1000.0;327.0;59.0;0.59;0.06;10.0;912.0;136.5;32.7;0
4154.0;1129.0;40.16;0.03;0.01;3.0;1781.0;135.84;27.18;0
999.0;601.0;26.17;0.13;0.03;5.0;1688.0;135.49;60.16;0
6563.0;1895.0;675.05;10.59;0.1;103.0;1665.0;134.54;28.87;39
8989.0;3334.0;430.76;23.77;0.05;496.0;2682.0;133.8;37.09;39
3988.0;919.0;38.88;0.04;0.01;4.0;2020.0;132.29;23.04;0
860.0;616.0;241.96;5.63;0.28;20.0;393.0;132.21;71.63;0
3500.0;1693.0;385.96;13.78;0.11;125.0;1180.0;132.09;48.37;0
7046.0;2152.0;3032.08;31.41;0.43;73.0;302.0;129.35;30.54;39
2838.0;952.0;82.3;0.03;0.03;1.0;1335.0;128.62;33.54;0
1000.0;325.0;92.47;8.41;0.09;91.0;948.0;127.63;32.5;0
8888.0;2673.0;544.98;20.79;0.06;339.0;3875.0;125.4;30.07;39
3333.0;783.0;240.08;2.02;0.07;28.0;469.0;120.76;23.49;0
2399.0;1104.0;306.46;120.08;0.13;940.0;940.0;120.08;46.02;0
3571.0;1035.0;94.75;0.4;0.03;15.0;2815.0;118.44;28.98;0
4999.0;1774.0;277.43;9.49;0.06;171.0;3818.0;118.33;35.49;45
9946.0;1003.0;262.96;0.37;0.03;14.0;2608.0;117.9;10.08;39
6341.0;1855.0;823.41;22.34;0.13;172.0;976.0;116.09;29.25;39
5887.0;1822.0;634.28;2.48;0.11;23.0;599.0;114.69;30.95;0
5365.0;1646.0;130.77;0.49;0.02;20.0;1772.0;112.28;30.68;45
2381.0;1209.0;1068.38;18.4;0.45;41.0;489.0;111.35;50.78;0
4998.0;1586.0;161.54;0.45;0.03;14.0;1808.0;110.52;31.73;45
666.0;300.0;345.63;1.56;0.52;3.0;181.0;109.75;45.05;0
3852.0;1153.0;154.08;0.12;0.04;3.0;2458.0;107.88;29.93;0
10000.0;1221.0;874.55;0.96;0.09;11.0;882.0;105.75;12.21;39
3330.0;505.0;74.59;0.22;0.02;10.0;1559.0;105.24;15.17;0
6000.0;1549.0;183.16;0.34;0.03;11.0;1751.0;103.07;25.82;45
10000.0;3885.0;662.63;22.79;0.07;344.0;1562.0;102.74;38.85;39
5532.0;1620.0;2.77;0.0;0.0;2.0;1728.0;99.43;29.28;45
9943.0;1626.0;103.16;0.47;0.01;45.0;1176.0;99.42;16.35;39
8793.0;2912.0;3.77;0.0;0.0;7.0;1332.0;97.43;33.12;39
10069.0;2516.0;25.17;0.01;0.0;2.0;1188.0;96.51;24.99;39
4200.0;1608.0;285.07;2.85;0.07;42.0;1029.0;96.26;38.29;0
10000.0;2120.0;7.38;0.01;0.0;8.0;2768.0;94.91;21.2;39
209.0;69.0;19.85;0.28;0.09;3.0;329.0;93.2;33.01;0
1000.0;372.0;37.56;0.94;0.04;25.0;1250.0;92.01;37.2;0
5000.0;1578.0;66.25;0.05;0.01;4.0;2319.0;84.09;31.56;45
7631.0;2057.0;352.79;3.24;0.05;70.0;1155.0;82.65;26.96;39
1800.0;645.0;25.65;0.06;0.01;4.0;614.0;82.08;35.83;0
10000.0;6858.0;792.5;0.32;0.08;4.0;2156.0;81.93;68.58;39
8663.0;989.0;38.98;0.01;0.0;2.0;1493.0;81.54;11.42;39
3220.0;1115.0;36.8;0.16;0.01;14.0;1464.0;79.99;34.63;0
5656.0;2677.0;586.16;79.9;0.1;771.0;771.0;79.9;47.33;0
7793.0;1363.0;208.26;0.78;0.03;29.0;1561.0;79.57;17.49;39
3999.0;878.0;258.94;0.26;0.06;4.0;1630.0;79.57;21.96;0
1243.0;617.0;31.7;0.05;0.03;2.0;260.0;78.35;49.64;0
1009.0;355.0;8.07;0.01;0.01;1.0;1031.0;77.66;35.18;0
5036.0;1720.0;217.36;3.75;0.04;87.0;1623.0;76.93;34.15;0
9971.0;3155.0;107.02;0.06;0.01;6.0;1293.0;76.32;31.64;39
208.0;150.0;8.74;0.04;0.04;1.0;458.0;75.63;72.12;0
3704.0;1568.0;5.93;0.01;0.0;5.0;881.0;74.97;42.33;0
3125.0;1163.0;114.83;1.14;0.04;31.0;1161.0;74.83;37.22;0
10000.0;965.0;0.0;0.0;0.0;4.0;1299.0;74.03;9.65;39
5555.0;1425.0;745.19;10.73;0.13;80.0;481.0;73.72;25.65;0
1691.0;839.0;198.93;5.53;0.12;47.0;406.0;70.23;49.62;0
10000.0;713.0;1069.95;12.41;0.11;116.0;1072.0;69.99;7.13;39
4989.0;809.0;3.49;0.0;0.0;1.0;1135.0;69.44;16.22;0
10000.0;2983.0;352.54;10.58;0.04;300.0;1620.0;69.4;29.83;39
1234.0;591.0;218.58;23.91;0.18;135.0;398.0;68.74;47.89;0
5000.0;528.0;40.0;0.01;0.01;1.0;689.0;68.5;10.56;0
2900.0;1404.0;0.0;0.0;0.0;0.0;1468.0;67.7;48.41;0
2436.0;1348.0;238.46;3.23;0.1;33.0;684.0;67.32;55.34;0
5586.0;1294.0;378.13;0.88;0.07;13.0;990.0;67.18;23.17;0
3000.0;1301.0;294.78;28.1;0.1;286.0;629.0;66.29;43.37;0
7497.0;1868.0;5.83;0.01;0.0;9.0;1725.0;64.74;24.92;39
6921.0;2366.0;116.46;0.49;0.02;29.0;1294.0;63.98;34.19;39
5000.0;1527.0;0.0;0.0;0.0;0.0;1166.0;63.72;30.54;0
5000.0;1368.0;12.5;0.01;0.0;4.0;2454.0;63.7;27.36;45
2130.0;740.0;145.54;0.48;0.07;7.0;451.0;63.3;34.74;0
820.0;351.0;253.48;7.42;0.31;24.0;155.0;61.12;42.8;0
5000.0;1172.0;110.0;0.11;0.02;5.0;1271.0;60.52;23.44;0
3216.0;1118.0;376.41;37.92;0.12;324.0;730.0;59.58;34.76;0
2178.0;904.0;155.59;3.86;0.07;54.0;516.0;59.52;41.51;0
1003.0;433.0;12.44;0.06;0.01;5.0;1232.0;59.47;43.17;0
9844.0;2912.0;22.92;0.03;0.0;14.0;1141.0;58.62;29.58;39
3101.0;1093.0;291.92;3.95;0.09;42.0;663.0;58.24;35.25;0
3500.0;887.0;77.25;3.07;0.02;139.0;825.0;57.79;25.34;0
3600.0;1793.0;987.95;45.83;0.27;167.0;239.0;57.68;49.81;0
4721.0;1168.0;105.52;0.8;0.02;36.0;757.0;56.99;24.74;0
3167.0;974.0;0.0;0.0;0.0;0.0;562.0;56.93;30.75;0
4677.0;1062.0;143.79;2.4;0.03;78.0;1433.0;56.81;22.71;0
6803.0;2286.0;3.4;0.0;0.0;2.0;1417.0;55.48;33.6;39
2674.0;746.0;138.93;1.82;0.05;35.0;782.0;55.16;27.9;0
5086.0;997.0;505.45;0.5;0.1;5.0;464.0;55.05;19.6;0
11111.0;1665.0;492.59;0.13;0.04;3.0;1492.0;54.16;14.99;39
101.0;73.0;39.39;0.39;0.39;1.0;139.0;54.15;72.28;0
3853.0;1431.0;15.41;0.0;0.0;1.0;902.0;54.11;37.14;0
500.0;190.0;20.0;0.12;0.04;3.0;692.0;53.88;38.0;0
2800.0;2075.0;324.64;1.97;0.12;17.0;409.0;53.76;74.11;0
4812.0;1382.0;306.75;0.83;0.06;13.0;706.0;53.51;28.72;0
2330.0;834.0;175.92;1.96;0.08;26.0;470.0;50.63;35.79;0
2838.0;767.0;244.06;6.54;0.09;76.0;615.0;49.31;27.03;0
2825.0;772.0;161.12;0.17;0.06;3.0;595.0;48.88;27.33;0
10000.0;2122.0;186.2;0.09;0.02;5.0;1581.0;47.81;21.22;39
1902.0;639.0;33.76;0.07;0.02;4.0;441.0;47.27;33.6;0
3560.0;1167.0;53.4;0.09;0.02;6.0;753.0;46.96;32.78;0
3333.0;1350.0;120.26;1.73;0.04;48.0;827.0;45.85;40.5;0
4558.0;1956.0;424.91;9.23;0.09;99.0;517.0;45.04;42.91;0
5127.0;1711.0;50.97;0.19;0.01;19.0;844.0;44.8;33.37;0
8193.0;1947.0;0.0;0.0;0.0;0.0;1240.0;44.78;23.76;39
10000.0;1845.0;169.8;11.29;0.02;665.0;2595.0;44.68;18.45;39
3337.0;596.0;497.8;2.98;0.15;20.0;330.0;44.19;17.86;0
2500.0;506.0;327.64;6.03;0.13;46.0;430.0;43.65;20.24;0
5713.0;1461.0;72.07;0.16;0.01;13.0;991.0;43.23;25.57;0
1005.0;392.0;2.01;0.0;0.0;2.0;344.0;42.57;39.0;0
8888.0;3751.0;299.82;3.31;0.03;98.0;779.0;41.84;42.2;39
2000.0;624.0;20.0;0.07;0.01;7.0;612.0;41.34;31.2;0
926.0;718.0;99.29;1.82;0.11;17.0;272.0;40.46;77.54;0
9958.0;3752.0;260.4;3.74;0.03;143.0;1402.0;40.16;37.68;39
1010.0;530.0;420.36;17.9;0.42;43.0;156.0;40.14;52.48;0
5152.0;1021.0;87.58;0.03;0.02;2.0;912.0;39.67;19.82;0
2002.0;689.0;54.05;0.16;0.03;6.0;859.0;37.52;34.42;0
5154.0;1063.0;251.26;0.19;0.05;4.0;805.0;37.03;20.62;0
4874.0;1258.0;222.74;0.69;0.05;15.0;392.0;36.67;25.81;0
6969.0;1078.0;0.0;0.0;0.0;1.0;1875.0;35.41;15.47;39
3622.0;1185.0;7.24;0.0;0.0;1.0;532.0;34.89;32.72;0
1664.0;591.0;16.65;0.02;0.01;2.0;666.0;33.43;35.52;0
3958.0;839.0;67.29;0.02;0.02;1.0;631.0;33.03;21.2;0
2628.0;998.0;345.5;6.7;0.13;51.0;319.0;32.78;37.98;0
2675.0;874.0;0.0;0.0;0.0;0.0;584.0;32.46;32.67;0
4880.0;2402.0;11.39;0.01;0.0;3.0;543.0;32.45;49.22;0
1920.0;650.0;54.72;0.12;0.03;3.0;272.0;31.91;33.85;0
2343.0;851.0;0.0;0.0;0.0;0.0;600.0;30.81;36.32;0
2500.0;1011.0;62.11;0.17;0.02;7.0;429.0;30.69;40.44;0
1882.0;663.0;0.0;0.0;0.0;0.0;537.0;30.69;35.23;0
10000.0;627.0;25.5;0.01;0.0;2.0;966.0;30.55;6.27;39
2516.0;1416.0;69.76;0.42;0.03;15.0;455.0;30.44;56.28;0
2185.0;794.0;88.27;0.4;0.04;10.0;431.0;30.04;36.34;0
2222.0;1143.0;59.84;0.59;0.03;22.0;1008.0;29.97;51.44;0
4329.0;1129.0;86.58;0.02;0.02;1.0;780.0;29.86;26.08;0
10000.0;3093.0;338.98;3.32;0.03;98.0;770.0;29.01;30.93;39
3380.0;957.0;112.59;0.33;0.03;10.0;260.0;28.72;28.31;0
2560.0;775.0;60.25;0.26;0.02;11.0;747.0;28.69;30.27;0
5000.0;1277.0;10.0;0.0;0.0;1.0;883.0;28.17;25.54;0
1069.0;449.0;37.42;0.11;0.03;3.0;256.0;27.85;42.0;0
3900.0;1382.0;234.9;12.23;0.06;203.0;448.0;27.72;35.44;0
5467.0;1341.0;121.34;0.04;0.02;2.0;638.0;27.09;24.53;0
1250.0;619.0;122.0;0.49;0.1;5.0;200.0;26.96;49.52;0
3366.0;819.0;0.0;0.0;0.0;1.0;779.0;26.81;24.33;0
1356.0;550.0;0.0;0.0;0.0;0.0;431.0;26.55;40.56;0
3368.0;1456.0;237.49;8.25;0.07;117.0;434.0;26.37;43.23;0
4801.0;2356.0;245.21;4.44;0.05;87.0;662.0;26.08;49.07;0
1695.0;718.0;35.46;0.31;0.02;15.0;492.0;26.02;42.36;0
10012.0;371.0;149.68;0.03;0.01;2.0;979.0;25.9;3.71;39
1400.0;658.0;458.89;13.11;0.33;40.0;140.0;25.35;47.0;0
600.0;220.0;6.0;0.01;0.01;1.0;292.0;24.86;36.67;0
2000.0;1026.0;108.67;0.49;0.05;9.0;219.0;24.84;51.3;0
2327.0;1040.0;81.05;0.87;0.03;25.0;430.0;24.64;44.69;0
9980.0;173.0;0.0;0.0;0.0;0.0;417.0;24.4;1.73;39
9996.0;1261.0;0.48;0.0;0.0;21.0;1692.0;24.36;12.62;39
1234.0;129.0;58.82;0.14;0.05;3.0;272.0;23.29;10.45;0
2971.0;1079.0;93.4;0.35;0.03;11.0;467.0;23.16;36.32;0
4175.0;791.0;3.67;0.02;0.0;25.0;416.0;22.1;18.95;0
1250.0;648.0;35.31;0.11;0.03;4.0;239.0;21.6;51.84;0
2149.0;627.0;721.86;7.73;0.34;23.0;155.0;21.37;29.18;0
2176.0;1028.0;253.9;4.43;0.12;38.0;247.0;19.38;47.24;0
3333.0;1235.0;98.6;2.31;0.03;78.0;397.0;18.94;37.05;0
1000.0;402.0;160.55;1.77;0.16;11.0;174.0;18.31;40.2;0
1262.0;449.0;12.62;0.01;0.01;1.0;316.0;18.16;35.58;0
5627.0;1787.0;56.27;0.05;0.01;5.0;235.0;17.36;31.76;0
1605.0;487.0;20.87;0.04;0.01;3.0;314.0;16.99;30.34;0
2297.0;652.0;107.96;0.42;0.05;9.0;168.0;15.51;28.38;0
2138.0;551.0;56.73;0.37;0.03;14.0;268.0;15.21;25.77;0
1319.0;594.0;0.0;0.0;0.0;0.0;270.0;14.74;45.03;0
2007.0;738.0;20.07;0.01;0.01;1.0;246.0;14.67;36.77;0
2572.0;1023.0;119.21;1.39;0.05;30.0;236.0;14.6;39.77;0
1024.0;402.0;75.88;0.74;0.07;10.0;139.0;13.76;39.26;0
437.0;95.0;9.53;0.24;0.02;11.0;379.0;13.44;21.74;0
1728.0;577.0;8.64;0.01;0.01;1.0;297.0;13.34;33.39;0
105.0;66.0;12.6;0.12;0.12;1.0;134.0;13.33;62.86;0
3917.0;1629.0;517.91;1.19;0.13;9.0;79.0;12.99;41.59;0
1020.0;379.0;0.51;0.01;0.0;20.0;176.0;12.28;37.16;0
2326.0;836.0;7.95;0.04;0.0;12.0;378.0;12.24;35.94;0
1260.0;533.0;90.54;1.08;0.07;15.0;96.0;11.85;42.3;0
5000.0;1292.0;50.0;0.03;0.01;3.0;498.0;11.82;25.84;0
2014.0;836.0;100.7;0.05;0.05;1.0;158.0;11.47;41.51;0
1467.0;495.0;0.29;0.0;0.0;1.0;364.0;11.23;33.74;0
3000.0;717.0;0.67;0.0;0.0;9.0;669.0;11.13;23.9;0
2121.0;742.0;212.33;3.2;0.1;32.0;139.0;10.88;34.98;0
4093.0;1029.0;25.3;0.07;0.01;11.0;314.0;10.71;25.14;0
2444.0;708.0;0.0;0.0;0.0;0.0;304.0;10.52;28.97;0
1941.0;652.0;0.0;0.0;0.0;0.0;233.0;10.01;33.59;0
227.0;43.0;10.78;0.0;0.05;0.0;84.0;9.84;18.94;0
8780.0;302.0;87.8;0.02;0.01;2.0;511.0;9.66;3.44;39
1815.0;619.0;58.43;0.64;0.03;20.0;198.0;9.09;34.1;0
2219.0;854.0;0.0;0.0;0.0;0.0;112.0;9.0;38.49;0
1000.0;300.0;5.0;0.01;0.01;2.0;724.0;8.1;30.0;0
6000.0;1819.0;59.23;0.07;0.01;7.0;246.0;8.08;30.32;0
4332.0;623.0;83.24;0.13;0.02;7.0;177.0;7.91;14.38;0
3507.0;1092.0;0.0;0.0;0.0;0.0;284.0;7.88;31.14;0
2914.0;736.0;33.51;0.05;0.01;4.0;239.0;7.77;25.26;0
2400.0;566.0;195.59;7.01;0.08;86.0;88.0;7.37;23.58;0
2775.0;889.0;24.97;0.01;0.01;1.0;192.0;7.1;32.04;0
739.0;353.0;143.74;4.47;0.19;23.0;49.0;6.99;47.77;0
1142.0;325.0;0.0;0.0;0.0;1.0;90.0;6.98;28.46;0
905.0;364.0;32.13;0.08;0.04;2.0;53.0;6.92;40.22;0
10026.0;89.0;250.65;0.03;0.03;1.0;197.0;6.73;0.89;39
491.0;155.0;0.0;0.0;0.0;0.0;18.0;6.69;31.57;0
1000.0;374.0;53.53;0.96;0.05;18.0;62.0;6.61;37.4;0
2019.0;572.0;33.31;0.03;0.02;2.0;267.0;6.6;28.33;0
2690.0;807.0;56.9;1.12;0.02;53.0;199.0;6.4;30.0;0
1159.0;561.0;0.0;0.0;0.0;0.0;67.0;6.04;48.4;0
2224.0;404.0;177.92;0.08;0.08;1.0;48.0;5.97;18.17;0
753.0;349.0;22.34;0.09;0.03;3.0;92.0;5.82;46.35;0
1289.0;609.0;81.85;3.81;0.06;60.0;96.0;5.54;47.25;0
1111.0;378.0;25.18;0.07;0.02;3.0;87.0;5.46;34.02;0
1615.0;583.0;323.0;1.0;0.2;5.0;269.0;5.24;36.1;0
664.0;273.0;9.3;0.03;0.01;2.0;96.0;4.95;41.11;0
4019.0;2216.0;433.55;0.86;0.11;8.0;47.0;4.89;55.14;0
2230.0;486.0;71.36;0.06;0.03;2.0;54.0;4.76;21.79;0
1077.0;400.0;18.85;0.07;0.02;4.0;109.0;4.72;37.14;0
1021.0;404.0;51.0;2.15;0.05;43.0;89.0;4.71;39.57;0
729.0;325.0;13.12;0.02;0.02;1.0;64.0;4.12;44.58;0
1669.0;516.0;41.73;0.05;0.03;2.0;104.0;3.83;30.92;0
812.0;218.0;4.06;0.01;0.01;2.0;77.0;3.83;26.85;0
1000.0;376.0;46.4;0.74;0.05;16.0;71.0;3.69;37.6;0
1370.0;378.0;0.0;0.0;0.0;0.0;81.0;3.58;27.59;0
2530.0;444.0;0.0;0.0;0.0;0.0;222.0;3.48;17.55;0
440.0;245.0;44.67;2.94;0.1;29.0;37.0;3.34;55.68;0
1625.0;527.0;48.13;1.16;0.03;39.0;99.0;3.03;32.43;0
521.0;201.0;26.05;0.0;0.05;0.0;82.0;2.93;38.58;0
2923.0;483.0;0.0;0.0;0.0;0.0;124.0;2.82;16.52;0
3272.0;1026.0;4.09;0.01;0.0;8.0;99.0;2.71;31.36;0
2621.0;412.0;52.49;0.46;0.02;23.0;141.0;2.69;15.72;0
261.0;36.0;2.61;0.01;0.01;1.0;43.0;2.61;13.79;0
781.0;246.0;0.0;0.0;0.0;1.0;73.0;2.47;31.5;0
735.0;220.0;0.0;0.0;0.0;0.0;44.0;2.39;29.93;0
1276.0;276.0;255.2;0.2;0.2;1.0;6.0;2.33;21.63;0
1143.0;258.0;11.05;0.03;0.01;3.0;83.0;2.27;22.57;0
355.0;207.0;24.55;2.01;0.07;29.0;29.0;2.01;58.31;0
590.0;241.0;47.2;0.08;0.08;1.0;50.0;2.0;40.85;0
766.0;314.0;164.5;0.86;0.21;4.0;11.0;1.76;40.99;0
326.0;104.0;1.47;0.0;0.0;1.0;35.0;0.89;31.9;0
